drop_id,drop_date,audience_type,customer_id,is_mailed
dm_2024_spring_buyer,2024-03-15,buyer_file,1175,1
dm_2024_spring_buyer,2024-03-15,buyer_file,1266,1
dm_2024_spring_buyer,2024-03-15,buyer_file,1032,0
dm_2024_spring_buyer,2024-03-15,buyer_file,1098,1
dm_2024_spring_buyer,2024-03-15,buyer_file,2445,1
dm_2024_spring_buyer,2024-03-15,buyer_file,2294,1
dm_2024_spring_buyer,2024-03-15,buyer_file,563,1
dm_2024_spring_buyer,2024-03-15,buyer_file,167,1
dm_2024_spring_buyer,2024-03-15,buyer_file,1258,0
dm_2024_spring_buyer,2024-03-15,buyer_file,1147,1
dm_2024_spring_buyer,2024-03-15,buyer_file,2172,1
dm_2024_spring_buyer,2024-03-15,buyer_file,2345,0
dm_2024_spring_buyer,2024-03-15,buyer_file,1133,0
dm_2024_spring_buyer,2024-03-15,buyer_file,1146,1
dm_2024_spring_buyer,2024-03-15,buyer_file,1291,1
dm_2024_spring_buyer,2024-03-15,buyer_file,914,1
dm_2024_spring_buyer,2024-03-15,buyer_file,1997,1
dm_2024_spring_buyer,2024-03-15,buyer_file,368,0
dm_2024_spring_buyer,2024-03-15,buyer_file,517,1
dm_2024_spring_buyer,2024-03-15,buyer_file,2179,1
dm_2024_spring_buyer,2024-03-15,buyer_file,68,1
dm_2024_spring_buyer,2024-03-15,buyer_file,2446,1
dm_2024_spring_buyer,2024-03-15,buyer_file,2188,1
dm_2024_spring_buyer,2024-03-15,buyer_file,507,1
dm_2024_spring_buyer,2024-03-15,buyer_file,2130,1
dm_2024_spring_buyer,2024-03-15,buyer_file,2313,0
dm_2024_spring_buyer,2024-03-15,buyer_file,1496,1
dm_2024_spring_buyer,2024-03-15,buyer_file,1352,1
dm_2024_spring_buyer,2024-03-15,buyer_file,2443,1
dm_2024_spring_buyer,2024-03-15,buyer_file,1359,1
dm_2024_spring_buyer,2024-03-15,buyer_file,2050,1
dm_2024_spring_buyer,2024-03-15,buyer_file,866,0
dm_2024_spring_buyer,2024-03-15,buyer_file,1140,1
dm_2024_spring_buyer,2024-03-15,buyer_file,1138,0
dm_2024_spring_buyer,2024-03-15,buyer_file,1298,1
dm_2024_spring_buyer,2024-03-15,buyer_file,1526,1
dm_2024_spring_buyer,2024-03-15,buyer_file,1565,1
dm_2024_spring_buyer,2024-03-15,buyer_file,652,1
dm_2024_spring_buyer,2024-03-15,buyer_file,688,1
dm_2024_spring_buyer,2024-03-15,buyer_file,2316,1
dm_2024_spring_buyer,2024-03-15,buyer_file,1439,0
dm_2024_spring_buyer,2024-03-15,buyer_file,622,1
dm_2024_spring_buyer,2024-03-15,buyer_file,514,1
dm_2024_spring_buyer,2024-03-15,buyer_file,1912,1
dm_2024_spring_buyer,2024-03-15,buyer_file,2392,0
dm_2024_spring_buyer,2024-03-15,buyer_file,1919,0
dm_2024_spring_buyer,2024-03-15,buyer_file,211,1
dm_2024_spring_buyer,2024-03-15,buyer_file,1247,1
dm_2024_spring_buyer,2024-03-15,buyer_file,1574,0
dm_2024_spring_buyer,2024-03-15,buyer_file,1466,1
dm_2024_spring_buyer,2024-03-15,buyer_file,51,1
dm_2024_spring_buyer,2024-03-15,buyer_file,955,1
dm_2024_spring_buyer,2024-03-15,buyer_file,1578,1
dm_2024_spring_buyer,2024-03-15,buyer_file,413,0
dm_2024_spring_buyer,2024-03-15,buyer_file,1617,1
dm_2024_spring_buyer,2024-03-15,buyer_file,574,0
dm_2024_spring_buyer,2024-03-15,buyer_file,1232,0
dm_2024_spring_buyer,2024-03-15,buyer_file,2105,1
dm_2024_spring_buyer,2024-03-15,buyer_file,1626,1
dm_2024_spring_buyer,2024-03-15,buyer_file,116,1
dm_2024_spring_buyer,2024-03-15,buyer_file,1717,1
dm_2024_spring_buyer,2024-03-15,buyer_file,43,1
dm_2024_spring_buyer,2024-03-15,buyer_file,1179,1
dm_2024_spring_buyer,2024-03-15,buyer_file,1721,1
dm_2024_spring_buyer,2024-03-15,buyer_file,639,1
dm_2024_spring_buyer,2024-03-15,buyer_file,1623,1
dm_2024_spring_buyer,2024-03-15,buyer_file,2434,0
dm_2024_spring_buyer,2024-03-15,buyer_file,67,1
dm_2024_spring_buyer,2024-03-15,buyer_file,541,0
dm_2024_spring_buyer,2024-03-15,buyer_file,822,1
dm_2024_spring_buyer,2024-03-15,buyer_file,1368,1
dm_2024_spring_buyer,2024-03-15,buyer_file,250,1
dm_2024_spring_buyer,2024-03-15,buyer_file,1421,1
dm_2024_spring_buyer,2024-03-15,buyer_file,1962,1
dm_2024_spring_buyer,2024-03-15,buyer_file,1417,0
dm_2024_spring_buyer,2024-03-15,buyer_file,103,1
dm_2024_spring_buyer,2024-03-15,buyer_file,294,1
dm_2024_spring_buyer,2024-03-15,buyer_file,1448,1
dm_2024_spring_buyer,2024-03-15,buyer_file,828,0
dm_2024_spring_buyer,2024-03-15,buyer_file,19,1
dm_2024_spring_buyer,2024-03-15,buyer_file,275,1
dm_2024_spring_buyer,2024-03-15,buyer_file,1694,1
dm_2024_spring_buyer,2024-03-15,buyer_file,931,1
dm_2024_spring_buyer,2024-03-15,buyer_file,367,0
dm_2024_spring_buyer,2024-03-15,buyer_file,2390,0
dm_2024_spring_buyer,2024-03-15,buyer_file,1925,1
dm_2024_spring_buyer,2024-03-15,buyer_file,380,0
dm_2024_spring_buyer,2024-03-15,buyer_file,1251,1
dm_2024_spring_buyer,2024-03-15,buyer_file,2341,0
dm_2024_spring_buyer,2024-03-15,buyer_file,216,0
dm_2024_spring_buyer,2024-03-15,buyer_file,1348,1
dm_2024_spring_buyer,2024-03-15,buyer_file,2038,1
dm_2024_spring_buyer,2024-03-15,buyer_file,1689,1
dm_2024_spring_buyer,2024-03-15,buyer_file,2233,1
dm_2024_spring_buyer,2024-03-15,buyer_file,246,0
dm_2024_spring_buyer,2024-03-15,buyer_file,1446,1
dm_2024_spring_buyer,2024-03-15,buyer_file,536,1
dm_2024_spring_buyer,2024-03-15,buyer_file,725,1
dm_2024_spring_buyer,2024-03-15,buyer_file,1024,1
dm_2024_spring_buyer,2024-03-15,buyer_file,1201,1
dm_2024_spring_buyer,2024-03-15,buyer_file,307,1
dm_2024_spring_buyer,2024-03-15,buyer_file,862,1
dm_2024_spring_buyer,2024-03-15,buyer_file,992,1
dm_2024_spring_buyer,2024-03-15,buyer_file,2489,1
dm_2024_spring_buyer,2024-03-15,buyer_file,1284,1
dm_2024_spring_buyer,2024-03-15,buyer_file,1224,1
dm_2024_spring_buyer,2024-03-15,buyer_file,1696,1
dm_2024_spring_buyer,2024-03-15,buyer_file,2217,1
dm_2024_spring_buyer,2024-03-15,buyer_file,1067,1
dm_2024_spring_buyer,2024-03-15,buyer_file,225,1
dm_2024_spring_buyer,2024-03-15,buyer_file,1450,1
dm_2024_spring_buyer,2024-03-15,buyer_file,1063,1
dm_2024_spring_buyer,2024-03-15,buyer_file,1419,1
dm_2024_spring_buyer,2024-03-15,buyer_file,874,1
dm_2024_spring_buyer,2024-03-15,buyer_file,390,1
dm_2024_spring_buyer,2024-03-15,buyer_file,1260,0
dm_2024_spring_buyer,2024-03-15,buyer_file,1806,0
dm_2024_spring_buyer,2024-03-15,buyer_file,2267,1
dm_2024_spring_buyer,2024-03-15,buyer_file,217,1
dm_2024_spring_buyer,2024-03-15,buyer_file,2484,1
dm_2024_spring_buyer,2024-03-15,buyer_file,1773,1
dm_2024_spring_buyer,2024-03-15,buyer_file,2420,1
dm_2024_spring_buyer,2024-03-15,buyer_file,2234,1
dm_2024_spring_buyer,2024-03-15,buyer_file,325,1
dm_2024_spring_buyer,2024-03-15,buyer_file,2032,1
dm_2024_spring_buyer,2024-03-15,buyer_file,2241,1
dm_2024_spring_buyer,2024-03-15,buyer_file,2056,1
dm_2024_spring_buyer,2024-03-15,buyer_file,1524,0
dm_2024_spring_buyer,2024-03-15,buyer_file,1672,1
dm_2024_spring_buyer,2024-03-15,buyer_file,1198,1
dm_2024_spring_buyer,2024-03-15,buyer_file,1560,1
dm_2024_spring_buyer,2024-03-15,buyer_file,878,1
dm_2024_spring_buyer,2024-03-15,buyer_file,1656,1
dm_2024_spring_buyer,2024-03-15,buyer_file,2439,1
dm_2024_spring_buyer,2024-03-15,buyer_file,1493,1
dm_2024_spring_buyer,2024-03-15,buyer_file,2273,1
dm_2024_spring_buyer,2024-03-15,buyer_file,2152,1
dm_2024_spring_buyer,2024-03-15,buyer_file,956,0
dm_2024_spring_buyer,2024-03-15,buyer_file,813,1
dm_2024_spring_buyer,2024-03-15,buyer_file,1269,1
dm_2024_spring_buyer,2024-03-15,buyer_file,2413,1
dm_2024_spring_buyer,2024-03-15,buyer_file,1062,1
dm_2024_spring_buyer,2024-03-15,buyer_file,2183,1
dm_2024_spring_buyer,2024-03-15,buyer_file,2275,1
dm_2024_spring_buyer,2024-03-15,buyer_file,1518,1
dm_2024_spring_buyer,2024-03-15,buyer_file,2122,1
dm_2024_spring_buyer,2024-03-15,buyer_file,31,1
dm_2024_spring_buyer,2024-03-15,buyer_file,2352,1
dm_2024_spring_buyer,2024-03-15,buyer_file,1811,1
dm_2024_spring_buyer,2024-03-15,buyer_file,193,1
dm_2024_spring_buyer,2024-03-15,buyer_file,760,1
dm_2024_spring_buyer,2024-03-15,buyer_file,984,1
dm_2024_spring_buyer,2024-03-15,buyer_file,1849,1
dm_2024_spring_buyer,2024-03-15,buyer_file,1829,1
dm_2024_spring_buyer,2024-03-15,buyer_file,361,1
dm_2024_spring_buyer,2024-03-15,buyer_file,2106,1
dm_2024_spring_buyer,2024-03-15,buyer_file,2295,1
dm_2024_spring_buyer,2024-03-15,buyer_file,990,0
dm_2024_spring_buyer,2024-03-15,buyer_file,25,0
dm_2024_spring_buyer,2024-03-15,buyer_file,402,1
dm_2024_spring_buyer,2024-03-15,buyer_file,2195,1
dm_2024_spring_buyer,2024-03-15,buyer_file,2229,1
dm_2024_spring_buyer,2024-03-15,buyer_file,675,1
dm_2024_spring_buyer,2024-03-15,buyer_file,100,1
dm_2024_spring_buyer,2024-03-15,buyer_file,1401,1
dm_2024_spring_buyer,2024-03-15,buyer_file,1665,0
dm_2024_spring_buyer,2024-03-15,buyer_file,1896,1
dm_2024_spring_buyer,2024-03-15,buyer_file,978,1
dm_2024_spring_buyer,2024-03-15,buyer_file,887,1
dm_2024_spring_buyer,2024-03-15,buyer_file,779,1
dm_2024_spring_buyer,2024-03-15,buyer_file,596,1
dm_2024_spring_buyer,2024-03-15,buyer_file,1853,1
dm_2024_spring_buyer,2024-03-15,buyer_file,872,1
dm_2024_spring_buyer,2024-03-15,buyer_file,550,1
dm_2024_spring_buyer,2024-03-15,buyer_file,864,0
dm_2024_spring_buyer,2024-03-15,buyer_file,1561,1
dm_2024_spring_buyer,2024-03-15,buyer_file,1158,1
dm_2024_spring_buyer,2024-03-15,buyer_file,1037,1
dm_2024_spring_buyer,2024-03-15,buyer_file,149,1
dm_2024_spring_buyer,2024-03-15,buyer_file,764,1
dm_2024_spring_buyer,2024-03-15,buyer_file,552,1
dm_2024_spring_buyer,2024-03-15,buyer_file,1268,1
dm_2024_spring_buyer,2024-03-15,buyer_file,970,1
dm_2024_spring_buyer,2024-03-15,buyer_file,2203,1
dm_2024_spring_buyer,2024-03-15,buyer_file,1512,1
dm_2024_spring_buyer,2024-03-15,buyer_file,2238,1
dm_2024_spring_buyer,2024-03-15,buyer_file,1452,1
dm_2024_spring_buyer,2024-03-15,buyer_file,765,1
dm_2024_spring_buyer,2024-03-15,buyer_file,1035,1
dm_2024_spring_buyer,2024-03-15,buyer_file,680,0
dm_2024_spring_buyer,2024-03-15,buyer_file,1686,1
dm_2024_spring_buyer,2024-03-15,buyer_file,1826,1
dm_2024_spring_buyer,2024-03-15,buyer_file,960,0
dm_2024_spring_buyer,2024-03-15,buyer_file,660,1
dm_2024_spring_buyer,2024-03-15,buyer_file,911,1
dm_2024_spring_buyer,2024-03-15,buyer_file,2067,1
dm_2024_spring_buyer,2024-03-15,buyer_file,1323,1
dm_2024_spring_buyer,2024-03-15,buyer_file,580,1
dm_2024_spring_buyer,2024-03-15,buyer_file,177,1
dm_2024_spring_buyer,2024-03-15,buyer_file,562,1
dm_2024_spring_buyer,2024-03-15,buyer_file,967,1
dm_2024_spring_buyer,2024-03-15,buyer_file,739,1
dm_2024_spring_buyer,2024-03-15,buyer_file,86,1
dm_2024_spring_buyer,2024-03-15,buyer_file,2335,1
dm_2024_spring_buyer,2024-03-15,buyer_file,1010,1
dm_2024_spring_buyer,2024-03-15,buyer_file,3,0
dm_2024_spring_buyer,2024-03-15,buyer_file,262,0
dm_2024_spring_buyer,2024-03-15,buyer_file,2331,1
dm_2024_spring_buyer,2024-03-15,buyer_file,772,0
dm_2024_spring_buyer,2024-03-15,buyer_file,924,1
dm_2024_spring_buyer,2024-03-15,buyer_file,709,1
dm_2024_spring_buyer,2024-03-15,buyer_file,2004,1
dm_2024_spring_buyer,2024-03-15,buyer_file,1127,1
dm_2024_spring_buyer,2024-03-15,buyer_file,1169,1
dm_2024_spring_buyer,2024-03-15,buyer_file,566,0
dm_2024_spring_buyer,2024-03-15,buyer_file,2184,1
dm_2024_spring_buyer,2024-03-15,buyer_file,1184,1
dm_2024_spring_buyer,2024-03-15,buyer_file,2263,1
dm_2024_spring_buyer,2024-03-15,buyer_file,293,1
dm_2024_spring_buyer,2024-03-15,buyer_file,2034,1
dm_2024_spring_buyer,2024-03-15,buyer_file,2425,1
dm_2024_spring_buyer,2024-03-15,buyer_file,37,0
dm_2024_spring_buyer,2024-03-15,buyer_file,1872,1
dm_2024_spring_buyer,2024-03-15,buyer_file,1305,1
dm_2024_spring_buyer,2024-03-15,buyer_file,1263,1
dm_2024_spring_buyer,2024-03-15,buyer_file,346,1
dm_2024_spring_buyer,2024-03-15,buyer_file,1289,1
dm_2024_spring_buyer,2024-03-15,buyer_file,1082,0
dm_2024_spring_buyer,2024-03-15,buyer_file,1334,1
dm_2024_spring_buyer,2024-03-15,buyer_file,522,1
dm_2024_spring_buyer,2024-03-15,buyer_file,1494,0
dm_2024_spring_buyer,2024-03-15,buyer_file,228,1
dm_2024_spring_buyer,2024-03-15,buyer_file,1697,1
dm_2024_spring_buyer,2024-03-15,buyer_file,1273,0
dm_2024_spring_buyer,2024-03-15,buyer_file,1677,1
dm_2024_spring_buyer,2024-03-15,buyer_file,288,1
dm_2024_spring_buyer,2024-03-15,buyer_file,840,1
dm_2024_spring_buyer,2024-03-15,buyer_file,901,1
dm_2024_spring_buyer,2024-03-15,buyer_file,2465,0
dm_2024_spring_buyer,2024-03-15,buyer_file,113,1
dm_2024_spring_buyer,2024-03-15,buyer_file,16,1
dm_2024_spring_buyer,2024-03-15,buyer_file,1506,1
dm_2024_spring_buyer,2024-03-15,buyer_file,1143,1
dm_2024_spring_buyer,2024-03-15,buyer_file,993,1
dm_2024_spring_buyer,2024-03-15,buyer_file,2288,0
dm_2024_spring_buyer,2024-03-15,buyer_file,640,1
dm_2024_spring_buyer,2024-03-15,buyer_file,756,0
dm_2024_spring_buyer,2024-03-15,buyer_file,2194,0
dm_2024_spring_buyer,2024-03-15,buyer_file,627,1
dm_2024_spring_buyer,2024-03-15,buyer_file,532,1
dm_2024_spring_buyer,2024-03-15,buyer_file,1909,1
dm_2024_spring_buyer,2024-03-15,buyer_file,1725,1
dm_2024_spring_buyer,2024-03-15,buyer_file,2283,1
dm_2024_spring_buyer,2024-03-15,buyer_file,1805,0
dm_2024_spring_buyer,2024-03-15,buyer_file,892,0
dm_2024_spring_buyer,2024-03-15,buyer_file,844,1
dm_2024_spring_buyer,2024-03-15,buyer_file,308,0
dm_2024_spring_buyer,2024-03-15,buyer_file,1594,0
dm_2024_spring_buyer,2024-03-15,buyer_file,1971,1
dm_2024_spring_buyer,2024-03-15,buyer_file,130,1
dm_2024_spring_buyer,2024-03-15,buyer_file,2438,1
dm_2024_spring_buyer,2024-03-15,buyer_file,1548,1
dm_2024_spring_buyer,2024-03-15,buyer_file,1190,1
dm_2024_spring_buyer,2024-03-15,buyer_file,2226,1
dm_2024_spring_buyer,2024-03-15,buyer_file,107,1
dm_2024_spring_buyer,2024-03-15,buyer_file,1698,1
dm_2024_spring_buyer,2024-03-15,buyer_file,2327,1
dm_2024_spring_buyer,2024-03-15,buyer_file,857,1
dm_2024_spring_buyer,2024-03-15,buyer_file,1405,1
dm_2024_spring_buyer,2024-03-15,buyer_file,2412,1
dm_2024_spring_buyer,2024-03-15,buyer_file,965,1
dm_2024_spring_buyer,2024-03-15,buyer_file,1462,0
dm_2024_spring_buyer,2024-03-15,buyer_file,132,0
dm_2024_spring_buyer,2024-03-15,buyer_file,1315,1
dm_2024_spring_buyer,2024-03-15,buyer_file,1244,1
dm_2024_spring_buyer,2024-03-15,buyer_file,693,1
dm_2024_spring_buyer,2024-03-15,buyer_file,1960,1
dm_2024_spring_buyer,2024-03-15,buyer_file,1210,0
dm_2024_spring_buyer,2024-03-15,buyer_file,559,1
dm_2024_spring_buyer,2024-03-15,buyer_file,1155,1
dm_2024_spring_buyer,2024-03-15,buyer_file,347,1
dm_2024_spring_buyer,2024-03-15,buyer_file,142,1
dm_2024_spring_buyer,2024-03-15,buyer_file,1825,0
dm_2024_spring_buyer,2024-03-15,buyer_file,1185,1
dm_2024_spring_buyer,2024-03-15,buyer_file,215,0
dm_2024_spring_buyer,2024-03-15,buyer_file,547,0
dm_2024_spring_buyer,2024-03-15,buyer_file,1922,0
dm_2024_spring_buyer,2024-03-15,buyer_file,1085,1
dm_2024_spring_buyer,2024-03-15,buyer_file,76,1
dm_2024_spring_buyer,2024-03-15,buyer_file,1670,1
dm_2024_spring_buyer,2024-03-15,buyer_file,2141,1
dm_2024_spring_buyer,2024-03-15,buyer_file,1424,1
dm_2024_spring_buyer,2024-03-15,buyer_file,684,1
dm_2024_spring_buyer,2024-03-15,buyer_file,1652,1
dm_2024_spring_buyer,2024-03-15,buyer_file,1738,1
dm_2024_spring_buyer,2024-03-15,buyer_file,2398,1
dm_2024_spring_buyer,2024-03-15,buyer_file,281,1
dm_2024_spring_buyer,2024-03-15,buyer_file,2204,1
dm_2024_spring_buyer,2024-03-15,buyer_file,2035,1
dm_2024_spring_buyer,2024-03-15,buyer_file,1791,1
dm_2024_spring_buyer,2024-03-15,buyer_file,6,1
dm_2024_spring_buyer,2024-03-15,buyer_file,1622,1
dm_2024_spring_buyer,2024-03-15,buyer_file,1929,1
dm_2024_spring_buyer,2024-03-15,buyer_file,879,1
dm_2024_spring_buyer,2024-03-15,buyer_file,1596,1
dm_2024_spring_buyer,2024-03-15,buyer_file,2282,1
dm_2024_spring_buyer,2024-03-15,buyer_file,2268,1
dm_2024_spring_buyer,2024-03-15,buyer_file,2337,1
dm_2024_spring_buyer,2024-03-15,buyer_file,81,1
dm_2024_spring_buyer,2024-03-15,buyer_file,512,0
dm_2024_spring_buyer,2024-03-15,buyer_file,2366,1
dm_2024_spring_buyer,2024-03-15,buyer_file,841,1
dm_2024_spring_buyer,2024-03-15,buyer_file,384,1
dm_2024_spring_buyer,2024-03-15,buyer_file,1552,1
dm_2024_spring_buyer,2024-03-15,buyer_file,1019,1
dm_2024_spring_buyer,2024-03-15,buyer_file,2131,1
dm_2024_spring_buyer,2024-03-15,buyer_file,721,1
dm_2024_spring_buyer,2024-03-15,buyer_file,1254,1
dm_2024_spring_buyer,2024-03-15,buyer_file,1628,1
dm_2024_spring_buyer,2024-03-15,buyer_file,1521,1
dm_2024_spring_buyer,2024-03-15,buyer_file,2181,1
dm_2024_spring_buyer,2024-03-15,buyer_file,1823,1
dm_2024_spring_buyer,2024-03-15,buyer_file,2046,1
dm_2024_spring_buyer,2024-03-15,buyer_file,1695,0
dm_2024_spring_buyer,2024-03-15,buyer_file,1845,1
dm_2024_spring_buyer,2024-03-15,buyer_file,2260,1
dm_2024_spring_buyer,2024-03-15,buyer_file,2368,1
dm_2024_spring_buyer,2024-03-15,buyer_file,2009,1
dm_2024_spring_buyer,2024-03-15,buyer_file,851,1
dm_2024_spring_buyer,2024-03-15,buyer_file,1416,1
dm_2024_spring_buyer,2024-03-15,buyer_file,134,1
dm_2024_spring_buyer,2024-03-15,buyer_file,581,0
dm_2024_spring_buyer,2024-03-15,buyer_file,1150,1
dm_2024_spring_buyer,2024-03-15,buyer_file,2133,1
dm_2024_spring_buyer,2024-03-15,buyer_file,2166,1
dm_2024_spring_buyer,2024-03-15,buyer_file,653,1
dm_2024_spring_buyer,2024-03-15,buyer_file,1968,1
dm_2024_spring_buyer,2024-03-15,buyer_file,2228,0
dm_2024_spring_buyer,2024-03-15,buyer_file,1272,1
dm_2024_spring_buyer,2024-03-15,buyer_file,2097,1
dm_2024_spring_buyer,2024-03-15,buyer_file,421,1
dm_2024_spring_buyer,2024-03-15,buyer_file,209,1
dm_2024_spring_buyer,2024-03-15,buyer_file,1048,0
dm_2024_spring_buyer,2024-03-15,buyer_file,1790,1
dm_2024_spring_buyer,2024-03-15,buyer_file,445,1
dm_2024_spring_buyer,2024-03-15,buyer_file,1170,0
dm_2024_spring_buyer,2024-03-15,buyer_file,1356,1
dm_2024_spring_buyer,2024-03-15,buyer_file,1484,1
dm_2024_spring_buyer,2024-03-15,buyer_file,2473,1
dm_2024_spring_buyer,2024-03-15,buyer_file,1327,1
dm_2024_spring_buyer,2024-03-15,buyer_file,979,1
dm_2024_spring_buyer,2024-03-15,buyer_file,2324,1
dm_2024_spring_buyer,2024-03-15,buyer_file,1153,1
dm_2024_spring_buyer,2024-03-15,buyer_file,1614,1
dm_2024_spring_buyer,2024-03-15,buyer_file,1089,1
dm_2024_spring_buyer,2024-03-15,buyer_file,1370,0
dm_2024_spring_buyer,2024-03-15,buyer_file,572,1
dm_2024_spring_buyer,2024-03-15,buyer_file,1913,1
dm_2024_spring_buyer,2024-03-15,buyer_file,1191,0
dm_2024_spring_buyer,2024-03-15,buyer_file,2246,0
dm_2024_spring_buyer,2024-03-15,buyer_file,145,1
dm_2024_spring_buyer,2024-03-15,buyer_file,535,0
dm_2024_spring_buyer,2024-03-15,buyer_file,1193,0
dm_2024_spring_buyer,2024-03-15,buyer_file,1755,1
dm_2024_spring_buyer,2024-03-15,buyer_file,1908,0
dm_2024_spring_buyer,2024-03-15,buyer_file,1017,1
dm_2024_spring_buyer,2024-03-15,buyer_file,2264,1
dm_2024_spring_buyer,2024-03-15,buyer_file,72,1
dm_2024_spring_buyer,2024-03-15,buyer_file,1174,1
dm_2024_spring_buyer,2024-03-15,buyer_file,1435,1
dm_2024_spring_buyer,2024-03-15,buyer_file,1234,1
dm_2024_spring_buyer,2024-03-15,buyer_file,1703,0
dm_2024_spring_buyer,2024-03-15,buyer_file,1856,1
dm_2024_spring_buyer,2024-03-15,buyer_file,1572,1
dm_2024_spring_buyer,2024-03-15,buyer_file,2431,1
dm_2024_spring_buyer,2024-03-15,buyer_file,1915,1
dm_2024_spring_buyer,2024-03-15,buyer_file,1667,1
dm_2024_spring_buyer,2024-03-15,buyer_file,2124,1
dm_2024_spring_buyer,2024-03-15,buyer_file,2003,1
dm_2024_spring_buyer,2024-03-15,buyer_file,1362,1
dm_2024_spring_buyer,2024-03-15,buyer_file,1543,1
dm_2024_spring_buyer,2024-03-15,buyer_file,1299,1
dm_2024_spring_buyer,2024-03-15,buyer_file,419,1
dm_2024_spring_buyer,2024-03-15,buyer_file,295,1
dm_2024_spring_buyer,2024-03-15,buyer_file,1587,0
dm_2024_spring_buyer,2024-03-15,buyer_file,860,1
dm_2024_spring_buyer,2024-03-15,buyer_file,1489,1
dm_2024_spring_buyer,2024-03-15,buyer_file,2492,1
dm_2024_spring_buyer,2024-03-15,buyer_file,891,1
dm_2024_spring_buyer,2024-03-15,buyer_file,613,1
dm_2024_spring_buyer,2024-03-15,buyer_file,444,1
dm_2024_spring_buyer,2024-03-15,buyer_file,253,1
dm_2024_spring_buyer,2024-03-15,buyer_file,265,1
dm_2024_spring_buyer,2024-03-15,buyer_file,1445,1
dm_2024_spring_buyer,2024-03-15,buyer_file,464,1
dm_2024_spring_buyer,2024-03-15,buyer_file,2496,1
dm_2024_spring_buyer,2024-03-15,buyer_file,2018,1
dm_2024_spring_buyer,2024-03-15,buyer_file,1715,1
dm_2024_spring_buyer,2024-03-15,buyer_file,788,1
dm_2024_spring_buyer,2024-03-15,buyer_file,203,1
dm_2024_spring_prospect,2024-03-15,prospect,90243,1
dm_2024_spring_prospect,2024-03-15,prospect,90067,1
dm_2024_spring_prospect,2024-03-15,prospect,90195,1
dm_2024_spring_prospect,2024-03-15,prospect,90031,1
dm_2024_spring_prospect,2024-03-15,prospect,90242,1
dm_2024_spring_prospect,2024-03-15,prospect,90354,1
dm_2024_spring_prospect,2024-03-15,prospect,90086,1
dm_2024_spring_prospect,2024-03-15,prospect,90003,1
dm_2024_spring_prospect,2024-03-15,prospect,90049,1
dm_2024_spring_prospect,2024-03-15,prospect,90141,1
dm_2024_spring_prospect,2024-03-15,prospect,90275,0
dm_2024_spring_prospect,2024-03-15,prospect,90315,1
dm_2024_spring_prospect,2024-03-15,prospect,90217,1
dm_2024_spring_prospect,2024-03-15,prospect,90247,1
dm_2024_spring_prospect,2024-03-15,prospect,90284,1
dm_2024_spring_prospect,2024-03-15,prospect,90365,0
dm_2024_spring_prospect,2024-03-15,prospect,90010,1
dm_2024_spring_prospect,2024-03-15,prospect,90285,1
dm_2024_spring_prospect,2024-03-15,prospect,90072,0
dm_2024_spring_prospect,2024-03-15,prospect,90198,1
dm_2024_spring_prospect,2024-03-15,prospect,90375,1
dm_2024_spring_prospect,2024-03-15,prospect,90391,0
dm_2024_spring_prospect,2024-03-15,prospect,90294,1
dm_2024_spring_prospect,2024-03-15,prospect,90107,0
dm_2024_spring_prospect,2024-03-15,prospect,90061,1
dm_2024_spring_prospect,2024-03-15,prospect,90068,1
dm_2024_spring_prospect,2024-03-15,prospect,90063,1
dm_2024_spring_prospect,2024-03-15,prospect,90147,0
dm_2024_spring_prospect,2024-03-15,prospect,90204,1
dm_2024_spring_prospect,2024-03-15,prospect,90101,1
dm_2024_spring_prospect,2024-03-15,prospect,90304,1
dm_2024_spring_prospect,2024-03-15,prospect,90153,1
dm_2024_spring_prospect,2024-03-15,prospect,90227,1
dm_2024_spring_prospect,2024-03-15,prospect,90372,1
dm_2024_spring_prospect,2024-03-15,prospect,90095,1
dm_2024_spring_prospect,2024-03-15,prospect,90166,0
dm_2024_spring_prospect,2024-03-15,prospect,90329,0
dm_2024_spring_prospect,2024-03-15,prospect,90143,1
dm_2024_spring_prospect,2024-03-15,prospect,90074,1
dm_2024_spring_prospect,2024-03-15,prospect,90297,1
dm_2024_spring_prospect,2024-03-15,prospect,90325,1
dm_2024_spring_prospect,2024-03-15,prospect,90085,1
dm_2024_spring_prospect,2024-03-15,prospect,90199,0
dm_2024_spring_prospect,2024-03-15,prospect,90152,1
dm_2024_spring_prospect,2024-03-15,prospect,90177,1
dm_2024_spring_prospect,2024-03-15,prospect,90208,1
dm_2024_spring_prospect,2024-03-15,prospect,90106,1
dm_2024_spring_prospect,2024-03-15,prospect,90098,1
dm_2024_spring_prospect,2024-03-15,prospect,90307,1
dm_2024_spring_prospect,2024-03-15,prospect,90056,1
dm_2024_spring_prospect,2024-03-15,prospect,90236,1
dm_2024_spring_prospect,2024-03-15,prospect,90382,0
dm_2024_spring_prospect,2024-03-15,prospect,90300,1
dm_2024_spring_prospect,2024-03-15,prospect,90302,0
dm_2024_spring_prospect,2024-03-15,prospect,90323,0
dm_2024_spring_prospect,2024-03-15,prospect,90154,1
dm_2024_spring_prospect,2024-03-15,prospect,90006,1
dm_2024_spring_prospect,2024-03-15,prospect,90111,1
dm_2024_spring_prospect,2024-03-15,prospect,90203,1
dm_2024_spring_prospect,2024-03-15,prospect,90378,1
dm_2024_spring_prospect,2024-03-15,prospect,90135,1
dm_2024_spring_prospect,2024-03-15,prospect,90259,0
dm_2024_spring_prospect,2024-03-15,prospect,90041,1
dm_2024_spring_prospect,2024-03-15,prospect,90057,0
dm_2024_spring_prospect,2024-03-15,prospect,90093,1
dm_2024_spring_prospect,2024-03-15,prospect,90364,1
dm_2024_spring_prospect,2024-03-15,prospect,90212,1
dm_2024_spring_prospect,2024-03-15,prospect,90197,1
dm_2024_spring_prospect,2024-03-15,prospect,90150,1
dm_2024_spring_prospect,2024-03-15,prospect,90291,1
dm_2024_spring_prospect,2024-03-15,prospect,90350,0
dm_2024_spring_prospect,2024-03-15,prospect,90046,0
dm_2024_spring_prospect,2024-03-15,prospect,90318,1
dm_2024_spring_prospect,2024-03-15,prospect,90210,1
dm_2024_spring_prospect,2024-03-15,prospect,90232,1
dm_2024_spring_prospect,2024-03-15,prospect,90014,1
dm_2024_spring_prospect,2024-03-15,prospect,90211,1
dm_2024_spring_prospect,2024-03-15,prospect,90282,1
dm_2024_spring_prospect,2024-03-15,prospect,90115,1
dm_2024_spring_prospect,2024-03-15,prospect,90112,0
dm_2024_spring_prospect,2024-03-15,prospect,90169,1
dm_2024_spring_prospect,2024-03-15,prospect,90113,1
dm_2024_spring_prospect,2024-03-15,prospect,90308,1
dm_2024_spring_prospect,2024-03-15,prospect,90337,1
dm_2024_spring_prospect,2024-03-15,prospect,90017,1
dm_2024_spring_prospect,2024-03-15,prospect,90054,1
dm_2024_spring_prospect,2024-03-15,prospect,90200,1
dm_2024_spring_prospect,2024-03-15,prospect,90351,1
dm_2024_spring_prospect,2024-03-15,prospect,90087,1
dm_2024_spring_prospect,2024-03-15,prospect,90180,1
dm_2024_spring_prospect,2024-03-15,prospect,90293,1
dm_2024_spring_prospect,2024-03-15,prospect,90015,1
dm_2024_spring_prospect,2024-03-15,prospect,90059,1
dm_2024_spring_prospect,2024-03-15,prospect,90206,0
dm_2024_spring_prospect,2024-03-15,prospect,90127,1
dm_2024_spring_prospect,2024-03-15,prospect,90331,1
dm_2024_spring_prospect,2024-03-15,prospect,90140,1
dm_2024_spring_prospect,2024-03-15,prospect,90348,1
dm_2024_spring_prospect,2024-03-15,prospect,90018,1
dm_2024_spring_prospect,2024-03-15,prospect,90042,1
dm_2024_spring_prospect,2024-03-15,prospect,90100,1
dm_2024_spring_prospect,2024-03-15,prospect,90116,1
dm_2024_spring_prospect,2024-03-15,prospect,90119,1
dm_2024_spring_prospect,2024-03-15,prospect,90370,0
dm_2024_spring_prospect,2024-03-15,prospect,90361,1
dm_2024_spring_prospect,2024-03-15,prospect,90343,1
dm_2024_spring_prospect,2024-03-15,prospect,90244,1
dm_2024_spring_prospect,2024-03-15,prospect,90215,1
dm_2024_spring_prospect,2024-03-15,prospect,90387,1
dm_2024_spring_prospect,2024-03-15,prospect,90395,1
dm_2024_spring_prospect,2024-03-15,prospect,90379,1
dm_2024_spring_prospect,2024-03-15,prospect,90274,1
dm_2024_spring_prospect,2024-03-15,prospect,90052,1
dm_2024_spring_prospect,2024-03-15,prospect,90145,1
dm_2024_spring_prospect,2024-03-15,prospect,90024,1
dm_2024_spring_prospect,2024-03-15,prospect,90280,1
dm_2024_spring_prospect,2024-03-15,prospect,90136,1
dm_2024_spring_prospect,2024-03-15,prospect,90335,1
dm_2024_spring_prospect,2024-03-15,prospect,90032,1
dm_2024_spring_prospect,2024-03-15,prospect,90037,1
dm_2024_spring_prospect,2024-03-15,prospect,90223,0
dm_2024_spring_prospect,2024-03-15,prospect,90253,1
dm_2024_spring_prospect,2024-03-15,prospect,90295,1
dm_2024_spring_prospect,2024-03-15,prospect,90020,1
dm_2024_spring_prospect,2024-03-15,prospect,90038,1
dm_2024_spring_prospect,2024-03-15,prospect,90129,0
dm_2024_spring_prospect,2024-03-15,prospect,90047,1
dm_2024_spring_prospect,2024-03-15,prospect,90389,1
dm_2024_spring_prospect,2024-03-15,prospect,90352,0
dm_2024_spring_prospect,2024-03-15,prospect,90344,1
dm_2024_spring_prospect,2024-03-15,prospect,90287,1
dm_2024_spring_prospect,2024-03-15,prospect,90043,0
dm_2024_spring_prospect,2024-03-15,prospect,90013,1
dm_2024_spring_prospect,2024-03-15,prospect,90025,1
dm_2024_spring_prospect,2024-03-15,prospect,90160,1
dm_2024_spring_prospect,2024-03-15,prospect,90083,0
dm_2024_spring_prospect,2024-03-15,prospect,90277,1
dm_2024_spring_prospect,2024-03-15,prospect,90078,1
dm_2024_spring_prospect,2024-03-15,prospect,90214,1
dm_2024_spring_prospect,2024-03-15,prospect,90262,1
dm_2024_spring_prospect,2024-03-15,prospect,90376,1
dm_2024_spring_prospect,2024-03-15,prospect,90207,1
dm_2024_spring_prospect,2024-03-15,prospect,90316,1
dm_2024_spring_prospect,2024-03-15,prospect,90276,1
dm_2024_spring_prospect,2024-03-15,prospect,90021,1
dm_2024_spring_prospect,2024-03-15,prospect,90064,1
dm_2024_spring_prospect,2024-03-15,prospect,90075,1
dm_2024_spring_prospect,2024-03-15,prospect,90281,1
dm_2024_spring_prospect,2024-03-15,prospect,90346,1
dm_2024_spring_prospect,2024-03-15,prospect,90245,0
dm_2024_spring_prospect,2024-03-15,prospect,90388,1
dm_2024_spring_prospect,2024-03-15,prospect,90381,1
dm_2024_spring_prospect,2024-03-15,prospect,90288,1
dm_2024_spring_prospect,2024-03-15,prospect,90399,1
dm_2024_spring_prospect,2024-03-15,prospect,90390,1
dm_2024_spring_prospect,2024-03-15,prospect,90230,1
dm_2024_spring_prospect,2024-03-15,prospect,90191,1
dm_2024_spring_prospect,2024-03-15,prospect,90240,1
dm_2024_spring_prospect,2024-03-15,prospect,90359,0
dm_2024_spring_prospect,2024-03-15,prospect,90263,1
dm_2024_spring_prospect,2024-03-15,prospect,90142,0
dm_2024_spring_prospect,2024-03-15,prospect,90292,1
dm_2024_spring_prospect,2024-03-15,prospect,90228,1
dm_2024_spring_prospect,2024-03-15,prospect,90040,1
dm_2024_spring_prospect,2024-03-15,prospect,90016,1
dm_2024_spring_prospect,2024-03-15,prospect,90273,1
dm_2024_spring_prospect,2024-03-15,prospect,90082,1
dm_2024_spring_prospect,2024-03-15,prospect,90051,1
dm_2024_spring_prospect,2024-03-15,prospect,90264,0
dm_2024_spring_prospect,2024-03-15,prospect,90109,1
dm_2024_spring_prospect,2024-03-15,prospect,90330,1
dm_2024_spring_prospect,2024-03-15,prospect,90179,1
dm_2024_spring_prospect,2024-03-15,prospect,90123,0
dm_2024_spring_prospect,2024-03-15,prospect,90270,1
dm_2024_spring_prospect,2024-03-15,prospect,90172,1
dm_2024_spring_prospect,2024-03-15,prospect,90267,1
dm_2024_spring_prospect,2024-03-15,prospect,90125,0
dm_2024_spring_prospect,2024-03-15,prospect,90310,1
dm_2024_spring_prospect,2024-03-15,prospect,90357,1
dm_2024_spring_prospect,2024-03-15,prospect,90026,0
dm_2024_spring_prospect,2024-03-15,prospect,90053,0
dm_2024_spring_prospect,2024-03-15,prospect,90296,0
dm_2024_spring_prospect,2024-03-15,prospect,90353,0
dm_2024_spring_prospect,2024-03-15,prospect,90251,1
dm_2024_spring_prospect,2024-03-15,prospect,90256,0
dm_2024_spring_prospect,2024-03-15,prospect,90265,0
dm_2024_spring_prospect,2024-03-15,prospect,90202,1
dm_2024_spring_prospect,2024-03-15,prospect,90124,1
dm_2024_spring_prospect,2024-03-15,prospect,90221,1
dm_2024_spring_prospect,2024-03-15,prospect,90311,1
dm_2024_spring_prospect,2024-03-15,prospect,90023,1
dm_2024_spring_prospect,2024-03-15,prospect,90342,1
dm_2024_spring_prospect,2024-03-15,prospect,90306,0
dm_2024_spring_prospect,2024-03-15,prospect,90030,1
dm_2024_spring_prospect,2024-03-15,prospect,90220,1
dm_2024_spring_prospect,2024-03-15,prospect,90035,1
dm_2024_spring_prospect,2024-03-15,prospect,90201,1
dm_2024_spring_prospect,2024-03-15,prospect,90181,1
dm_2024_spring_prospect,2024-03-15,prospect,90334,0
dm_2024_spring_prospect,2024-03-15,prospect,90332,1
dm_2024_spring_prospect,2024-03-15,prospect,90175,1
dm_2024_spring_prospect,2024-03-15,prospect,90080,1
dm_2024_spring_prospect,2024-03-15,prospect,90005,1
dm_2024_spring_prospect,2024-03-15,prospect,90205,1
dm_2024_spring_prospect,2024-03-15,prospect,90241,1
dm_2024_spring_prospect,2024-03-15,prospect,90298,0
dm_2024_spring_prospect,2024-03-15,prospect,90226,1
dm_2024_spring_prospect,2024-03-15,prospect,90002,1
dm_2024_spring_prospect,2024-03-15,prospect,90301,1
dm_2024_spring_prospect,2024-03-15,prospect,90134,1
dm_2024_spring_prospect,2024-03-15,prospect,90363,1
dm_2024_spring_prospect,2024-03-15,prospect,90168,1
dm_2024_spring_prospect,2024-03-15,prospect,90327,0
dm_2024_spring_prospect,2024-03-15,prospect,90254,1
dm_2024_spring_prospect,2024-03-15,prospect,90286,1
dm_2024_spring_prospect,2024-03-15,prospect,90397,1
dm_2024_spring_prospect,2024-03-15,prospect,90034,1
dm_2024_spring_prospect,2024-03-15,prospect,90137,1
dm_2024_spring_prospect,2024-03-15,prospect,90118,1
dm_2024_spring_prospect,2024-03-15,prospect,90162,1
dm_2024_spring_prospect,2024-03-15,prospect,90077,1
dm_2024_spring_prospect,2024-03-15,prospect,90234,0
dm_2024_spring_prospect,2024-03-15,prospect,90333,1
dm_2024_spring_prospect,2024-03-15,prospect,90224,1
dm_2024_spring_prospect,2024-03-15,prospect,90326,1
dm_2024_spring_prospect,2024-03-15,prospect,90156,1
dm_2024_spring_prospect,2024-03-15,prospect,90055,1
dm_2024_spring_prospect,2024-03-15,prospect,90321,1
dm_2024_spring_prospect,2024-03-15,prospect,90122,1
dm_2024_spring_prospect,2024-03-15,prospect,90131,1
dm_2024_spring_prospect,2024-03-15,prospect,90366,0
dm_2024_spring_prospect,2024-03-15,prospect,90126,0
dm_2024_spring_prospect,2024-03-15,prospect,90218,1
dm_2024_spring_prospect,2024-03-15,prospect,90076,1
dm_2024_spring_prospect,2024-03-15,prospect,90110,1
dm_2024_spring_prospect,2024-03-15,prospect,90392,0
dm_2024_spring_prospect,2024-03-15,prospect,90155,1
dm_2024_spring_prospect,2024-03-15,prospect,90019,1
dm_2024_spring_prospect,2024-03-15,prospect,90062,1
dm_2024_spring_prospect,2024-03-15,prospect,90400,0
dm_2024_spring_prospect,2024-03-15,prospect,90216,1
dm_2024_spring_prospect,2024-03-15,prospect,90384,1
dm_2024_spring_prospect,2024-03-15,prospect,90128,1
dm_2024_spring_prospect,2024-03-15,prospect,90196,1
dm_2024_spring_prospect,2024-03-15,prospect,90029,1
dm_2024_spring_prospect,2024-03-15,prospect,90189,1
dm_2024_spring_prospect,2024-03-15,prospect,90252,0
dm_2024_spring_prospect,2024-03-15,prospect,90148,1
dm_2024_spring_prospect,2024-03-15,prospect,90362,0
dm_2024_spring_prospect,2024-03-15,prospect,90044,1
dm_2024_spring_prospect,2024-03-15,prospect,90255,1
dm_2024_spring_prospect,2024-03-15,prospect,90039,1
dm_2024_spring_prospect,2024-03-15,prospect,90185,1
dm_2024_spring_prospect,2024-03-15,prospect,90090,1
dm_2024_spring_prospect,2024-03-15,prospect,90073,0
dm_2024_spring_prospect,2024-03-15,prospect,90268,1
dm_2024_spring_prospect,2024-03-15,prospect,90176,0
dm_2024_spring_prospect,2024-03-15,prospect,90260,0
dm_2024_spring_prospect,2024-03-15,prospect,90022,1
dm_2024_spring_prospect,2024-03-15,prospect,90394,1
dm_2024_spring_prospect,2024-03-15,prospect,90313,1
dm_2024_spring_prospect,2024-03-15,prospect,90396,1
dm_2024_spring_prospect,2024-03-15,prospect,90360,1
dm_2024_spring_prospect,2024-03-15,prospect,90305,1
dm_2024_spring_prospect,2024-03-15,prospect,90278,1
dm_2024_spring_prospect,2024-03-15,prospect,90048,1
dm_2024_spring_prospect,2024-03-15,prospect,90303,1
dm_2024_spring_prospect,2024-03-15,prospect,90347,1
dm_2024_spring_prospect,2024-03-15,prospect,90105,1
dm_2024_spring_prospect,2024-03-15,prospect,90065,1
dm_2024_spring_prospect,2024-03-15,prospect,90089,1
dm_2024_spring_prospect,2024-03-15,prospect,90312,1
dm_2024_spring_prospect,2024-03-15,prospect,90269,0
dm_2024_spring_prospect,2024-03-15,prospect,90192,1
dm_2024_spring_prospect,2024-03-15,prospect,90188,0
dm_2024_spring_prospect,2024-03-15,prospect,90097,0
dm_2024_spring_prospect,2024-03-15,prospect,90084,1
dm_2024_spring_prospect,2024-03-15,prospect,90367,1
dm_2024_spring_prospect,2024-03-15,prospect,90170,1
dm_2024_spring_prospect,2024-03-15,prospect,90237,1
dm_2024_spring_prospect,2024-03-15,prospect,90322,1
dm_2024_spring_prospect,2024-03-15,prospect,90159,1
dm_2024_spring_prospect,2024-03-15,prospect,90001,1
dm_2024_spring_prospect,2024-03-15,prospect,90133,1
dm_2024_spring_prospect,2024-03-15,prospect,90229,0
dm_2024_spring_prospect,2024-03-15,prospect,90289,1
dm_2024_spring_prospect,2024-03-15,prospect,90279,1
dm_2024_spring_prospect,2024-03-15,prospect,90374,1
dm_2024_spring_prospect,2024-03-15,prospect,90336,0
dm_2024_spring_prospect,2024-03-15,prospect,90104,0
dm_2024_spring_prospect,2024-03-15,prospect,90009,0
dm_2024_spring_prospect,2024-03-15,prospect,90091,1
dm_2024_spring_prospect,2024-03-15,prospect,90060,1
dm_2024_spring_prospect,2024-03-15,prospect,90187,1
dm_2024_spring_prospect,2024-03-15,prospect,90070,1
dm_2024_spring_prospect,2024-03-15,prospect,90324,1
dm_2024_spring_prospect,2024-03-15,prospect,90231,1
dm_2024_spring_prospect,2024-03-15,prospect,90079,1
dm_2024_spring_prospect,2024-03-15,prospect,90036,1
dm_2024_spring_prospect,2024-03-15,prospect,90239,1
dm_2024_spring_prospect,2024-03-15,prospect,90380,0
dm_2024_spring_prospect,2024-03-15,prospect,90283,1
dm_2024_spring_prospect,2024-03-15,prospect,90174,1
dm_2024_spring_prospect,2024-03-15,prospect,90050,1
dm_2024_spring_prospect,2024-03-15,prospect,90157,0
dm_2024_spring_prospect,2024-03-15,prospect,90114,1
dm_2024_spring_prospect,2024-03-15,prospect,90171,1
dm_2024_spring_prospect,2024-03-15,prospect,90146,0
dm_2024_spring_prospect,2024-03-15,prospect,90132,1
dm_2024_spring_prospect,2024-03-15,prospect,90314,1
dm_2024_spring_prospect,2024-03-15,prospect,90008,1
dm_2024_spring_prospect,2024-03-15,prospect,90004,1
dm_2024_spring_prospect,2024-03-15,prospect,90340,1
dm_2024_spring_prospect,2024-03-15,prospect,90138,0
dm_2024_spring_prospect,2024-03-15,prospect,90167,1
dm_2024_spring_prospect,2024-03-15,prospect,90081,1
dm_2024_spring_prospect,2024-03-15,prospect,90151,1
dm_2024_spring_prospect,2024-03-15,prospect,90219,0
dm_2024_spring_prospect,2024-03-15,prospect,90058,1
dm_2024_spring_prospect,2024-03-15,prospect,90045,0
dm_2024_spring_prospect,2024-03-15,prospect,90248,1
dm_2024_spring_prospect,2024-03-15,prospect,90027,1
dm_2024_spring_prospect,2024-03-15,prospect,90120,0
dm_2024_spring_prospect,2024-03-15,prospect,90096,1
dm_2024_spring_prospect,2024-03-15,prospect,90094,0
dm_2024_spring_prospect,2024-03-15,prospect,90257,1
dm_2024_spring_prospect,2024-03-15,prospect,90163,1
dm_2024_spring_prospect,2024-03-15,prospect,90186,1
dm_2024_spring_prospect,2024-03-15,prospect,90299,1
dm_2024_spring_prospect,2024-03-15,prospect,90012,1
dm_2024_spring_prospect,2024-03-15,prospect,90328,1
dm_2024_spring_prospect,2024-03-15,prospect,90144,1
dm_2024_spring_prospect,2024-03-15,prospect,90356,0
dm_2024_spring_prospect,2024-03-15,prospect,90358,1
dm_2024_spring_prospect,2024-03-15,prospect,90117,1
dm_2024_spring_prospect,2024-03-15,prospect,90092,0
dm_2024_spring_prospect,2024-03-15,prospect,90371,1
dm_2024_spring_prospect,2024-03-15,prospect,90173,0
dm_2024_spring_prospect,2024-03-15,prospect,90193,1
dm_2024_spring_prospect,2024-03-15,prospect,90258,1
dm_2024_spring_prospect,2024-03-15,prospect,90225,1
dm_2024_spring_prospect,2024-03-15,prospect,90383,0
dm_2024_spring_prospect,2024-03-15,prospect,90182,1
dm_2024_spring_prospect,2024-03-15,prospect,90369,1
dm_2024_spring_prospect,2024-03-15,prospect,90209,1
dm_2024_spring_prospect,2024-03-15,prospect,90158,1
dm_2024_spring_prospect,2024-03-15,prospect,90393,1
dm_2024_spring_prospect,2024-03-15,prospect,90271,1
dm_2024_spring_prospect,2024-03-15,prospect,90222,0
dm_2024_spring_prospect,2024-03-15,prospect,90355,1
dm_2024_spring_prospect,2024-03-15,prospect,90066,0
dm_2024_spring_prospect,2024-03-15,prospect,90373,0
dm_2024_spring_prospect,2024-03-15,prospect,90309,1
dm_2024_spring_prospect,2024-03-15,prospect,90349,1
dm_2024_spring_prospect,2024-03-15,prospect,90108,1
dm_2024_spring_prospect,2024-03-15,prospect,90033,1
dm_2024_spring_prospect,2024-03-15,prospect,90233,1
dm_2024_spring_prospect,2024-03-15,prospect,90103,0
dm_2024_spring_prospect,2024-03-15,prospect,90071,1
dm_2024_spring_prospect,2024-03-15,prospect,90190,1
dm_2024_spring_prospect,2024-03-15,prospect,90235,1
dm_2024_spring_prospect,2024-03-15,prospect,90139,1
dm_2024_spring_prospect,2024-03-15,prospect,90386,1
dm_2024_spring_prospect,2024-03-15,prospect,90007,0
dm_2024_spring_prospect,2024-03-15,prospect,90290,1
dm_2024_spring_prospect,2024-03-15,prospect,90102,1
dm_2024_spring_prospect,2024-03-15,prospect,90164,1
dm_2024_spring_prospect,2024-03-15,prospect,90184,1
dm_2024_spring_prospect,2024-03-15,prospect,90130,1
dm_2024_spring_prospect,2024-03-15,prospect,90161,1
dm_2024_spring_prospect,2024-03-15,prospect,90385,1
dm_2024_spring_prospect,2024-03-15,prospect,90261,1
dm_2024_spring_prospect,2024-03-15,prospect,90099,1
dm_2024_spring_prospect,2024-03-15,prospect,90345,1
dm_2024_spring_prospect,2024-03-15,prospect,90250,1
dm_2024_spring_prospect,2024-03-15,prospect,90249,0
dm_2024_spring_prospect,2024-03-15,prospect,90341,0
dm_2024_spring_prospect,2024-03-15,prospect,90028,0
dm_2024_spring_prospect,2024-03-15,prospect,90178,1
dm_2024_spring_prospect,2024-03-15,prospect,90377,0
dm_2024_spring_prospect,2024-03-15,prospect,90246,1
dm_2024_spring_prospect,2024-03-15,prospect,90272,0
dm_2024_spring_prospect,2024-03-15,prospect,90194,1
dm_2024_spring_prospect,2024-03-15,prospect,90338,1
dm_2024_spring_prospect,2024-03-15,prospect,90149,1
dm_2024_spring_prospect,2024-03-15,prospect,90183,1
dm_2024_spring_prospect,2024-03-15,prospect,90238,0
dm_2024_spring_prospect,2024-03-15,prospect,90368,1
dm_2024_spring_prospect,2024-03-15,prospect,90011,1
dm_2024_spring_prospect,2024-03-15,prospect,90121,1
dm_2024_spring_prospect,2024-03-15,prospect,90213,1
dm_2024_spring_prospect,2024-03-15,prospect,90266,1
dm_2024_spring_prospect,2024-03-15,prospect,90398,1
dm_2024_spring_prospect,2024-03-15,prospect,90320,1
dm_2024_spring_prospect,2024-03-15,prospect,90088,1
dm_2024_spring_prospect,2024-03-15,prospect,90069,1
dm_2024_spring_prospect,2024-03-15,prospect,90319,0
dm_2024_spring_prospect,2024-03-15,prospect,90165,1
dm_2024_spring_prospect,2024-03-15,prospect,90317,1
dm_2024_spring_prospect,2024-03-15,prospect,90339,1
dm_2024_fall_buyer,2024-09-10,buyer_file,1662,1
dm_2024_fall_buyer,2024-09-10,buyer_file,2337,1
dm_2024_fall_buyer,2024-09-10,buyer_file,562,1
dm_2024_fall_buyer,2024-09-10,buyer_file,989,1
dm_2024_fall_buyer,2024-09-10,buyer_file,1521,0
dm_2024_fall_buyer,2024-09-10,buyer_file,1815,0
dm_2024_fall_buyer,2024-09-10,buyer_file,1952,1
dm_2024_fall_buyer,2024-09-10,buyer_file,2137,1
dm_2024_fall_buyer,2024-09-10,buyer_file,2304,1
dm_2024_fall_buyer,2024-09-10,buyer_file,521,1
dm_2024_fall_buyer,2024-09-10,buyer_file,2085,1
dm_2024_fall_buyer,2024-09-10,buyer_file,37,1
dm_2024_fall_buyer,2024-09-10,buyer_file,232,0
dm_2024_fall_buyer,2024-09-10,buyer_file,2330,1
dm_2024_fall_buyer,2024-09-10,buyer_file,153,1
dm_2024_fall_buyer,2024-09-10,buyer_file,149,0
dm_2024_fall_buyer,2024-09-10,buyer_file,1842,1
dm_2024_fall_buyer,2024-09-10,buyer_file,97,0
dm_2024_fall_buyer,2024-09-10,buyer_file,1496,0
dm_2024_fall_buyer,2024-09-10,buyer_file,137,0
dm_2024_fall_buyer,2024-09-10,buyer_file,1346,0
dm_2024_fall_buyer,2024-09-10,buyer_file,2108,1
dm_2024_fall_buyer,2024-09-10,buyer_file,1509,0
dm_2024_fall_buyer,2024-09-10,buyer_file,1494,1
dm_2024_fall_buyer,2024-09-10,buyer_file,609,1
dm_2024_fall_buyer,2024-09-10,buyer_file,171,1
dm_2024_fall_buyer,2024-09-10,buyer_file,1411,1
dm_2024_fall_buyer,2024-09-10,buyer_file,1144,1
dm_2024_fall_buyer,2024-09-10,buyer_file,1334,1
dm_2024_fall_buyer,2024-09-10,buyer_file,296,0
dm_2024_fall_buyer,2024-09-10,buyer_file,1855,0
dm_2024_fall_buyer,2024-09-10,buyer_file,11,0
dm_2024_fall_buyer,2024-09-10,buyer_file,2079,1
dm_2024_fall_buyer,2024-09-10,buyer_file,2420,1
dm_2024_fall_buyer,2024-09-10,buyer_file,812,0
dm_2024_fall_buyer,2024-09-10,buyer_file,2197,1
dm_2024_fall_buyer,2024-09-10,buyer_file,2115,0
dm_2024_fall_buyer,2024-09-10,buyer_file,1358,1
dm_2024_fall_buyer,2024-09-10,buyer_file,114,1
dm_2024_fall_buyer,2024-09-10,buyer_file,451,0
dm_2024_fall_buyer,2024-09-10,buyer_file,1347,1
dm_2024_fall_buyer,2024-09-10,buyer_file,1633,1
dm_2024_fall_buyer,2024-09-10,buyer_file,2442,1
dm_2024_fall_buyer,2024-09-10,buyer_file,600,1
dm_2024_fall_buyer,2024-09-10,buyer_file,873,1
dm_2024_fall_buyer,2024-09-10,buyer_file,1774,1
dm_2024_fall_buyer,2024-09-10,buyer_file,2449,1
dm_2024_fall_buyer,2024-09-10,buyer_file,721,1
dm_2024_fall_buyer,2024-09-10,buyer_file,167,1
dm_2024_fall_buyer,2024-09-10,buyer_file,872,1
dm_2024_fall_buyer,2024-09-10,buyer_file,1389,1
dm_2024_fall_buyer,2024-09-10,buyer_file,2262,0
dm_2024_fall_buyer,2024-09-10,buyer_file,2427,1
dm_2024_fall_buyer,2024-09-10,buyer_file,1525,1
dm_2024_fall_buyer,2024-09-10,buyer_file,1934,1
dm_2024_fall_buyer,2024-09-10,buyer_file,467,1
dm_2024_fall_buyer,2024-09-10,buyer_file,1587,1
dm_2024_fall_buyer,2024-09-10,buyer_file,1731,1
dm_2024_fall_buyer,2024-09-10,buyer_file,132,1
dm_2024_fall_buyer,2024-09-10,buyer_file,1581,1
dm_2024_fall_buyer,2024-09-10,buyer_file,1893,1
dm_2024_fall_buyer,2024-09-10,buyer_file,598,1
dm_2024_fall_buyer,2024-09-10,buyer_file,130,1
dm_2024_fall_buyer,2024-09-10,buyer_file,2373,1
dm_2024_fall_buyer,2024-09-10,buyer_file,682,1
dm_2024_fall_buyer,2024-09-10,buyer_file,1798,0
dm_2024_fall_buyer,2024-09-10,buyer_file,569,1
dm_2024_fall_buyer,2024-09-10,buyer_file,1606,1
dm_2024_fall_buyer,2024-09-10,buyer_file,2487,1
dm_2024_fall_buyer,2024-09-10,buyer_file,1078,1
dm_2024_fall_buyer,2024-09-10,buyer_file,1095,1
dm_2024_fall_buyer,2024-09-10,buyer_file,230,1
dm_2024_fall_buyer,2024-09-10,buyer_file,635,1
dm_2024_fall_buyer,2024-09-10,buyer_file,1974,0
dm_2024_fall_buyer,2024-09-10,buyer_file,1080,1
dm_2024_fall_buyer,2024-09-10,buyer_file,1020,1
dm_2024_fall_buyer,2024-09-10,buyer_file,438,1
dm_2024_fall_buyer,2024-09-10,buyer_file,1364,1
dm_2024_fall_buyer,2024-09-10,buyer_file,2354,1
dm_2024_fall_buyer,2024-09-10,buyer_file,1630,1
dm_2024_fall_buyer,2024-09-10,buyer_file,64,1
dm_2024_fall_buyer,2024-09-10,buyer_file,1314,1
dm_2024_fall_buyer,2024-09-10,buyer_file,2020,1
dm_2024_fall_buyer,2024-09-10,buyer_file,2082,0
dm_2024_fall_buyer,2024-09-10,buyer_file,217,0
dm_2024_fall_buyer,2024-09-10,buyer_file,358,1
dm_2024_fall_buyer,2024-09-10,buyer_file,349,1
dm_2024_fall_buyer,2024-09-10,buyer_file,1711,1
dm_2024_fall_buyer,2024-09-10,buyer_file,1609,0
dm_2024_fall_buyer,2024-09-10,buyer_file,1107,1
dm_2024_fall_buyer,2024-09-10,buyer_file,1330,0
dm_2024_fall_buyer,2024-09-10,buyer_file,172,0
dm_2024_fall_buyer,2024-09-10,buyer_file,907,1
dm_2024_fall_buyer,2024-09-10,buyer_file,2195,1
dm_2024_fall_buyer,2024-09-10,buyer_file,2229,0
dm_2024_fall_buyer,2024-09-10,buyer_file,1948,1
dm_2024_fall_buyer,2024-09-10,buyer_file,1457,1
dm_2024_fall_buyer,2024-09-10,buyer_file,790,1
dm_2024_fall_buyer,2024-09-10,buyer_file,1999,0
dm_2024_fall_buyer,2024-09-10,buyer_file,1181,1
dm_2024_fall_buyer,2024-09-10,buyer_file,2299,1
dm_2024_fall_buyer,2024-09-10,buyer_file,1769,1
dm_2024_fall_buyer,2024-09-10,buyer_file,670,1
dm_2024_fall_buyer,2024-09-10,buyer_file,1972,1
dm_2024_fall_buyer,2024-09-10,buyer_file,1179,1
dm_2024_fall_buyer,2024-09-10,buyer_file,2180,1
dm_2024_fall_buyer,2024-09-10,buyer_file,2481,1
dm_2024_fall_buyer,2024-09-10,buyer_file,2244,1
dm_2024_fall_buyer,2024-09-10,buyer_file,904,1
dm_2024_fall_buyer,2024-09-10,buyer_file,2342,1
dm_2024_fall_buyer,2024-09-10,buyer_file,1829,1
dm_2024_fall_buyer,2024-09-10,buyer_file,2440,0
dm_2024_fall_buyer,2024-09-10,buyer_file,195,0
dm_2024_fall_buyer,2024-09-10,buyer_file,2125,1
dm_2024_fall_buyer,2024-09-10,buyer_file,2225,1
dm_2024_fall_buyer,2024-09-10,buyer_file,229,1
dm_2024_fall_buyer,2024-09-10,buyer_file,93,1
dm_2024_fall_buyer,2024-09-10,buyer_file,2402,0
dm_2024_fall_buyer,2024-09-10,buyer_file,1726,0
dm_2024_fall_buyer,2024-09-10,buyer_file,1402,1
dm_2024_fall_buyer,2024-09-10,buyer_file,550,1
dm_2024_fall_buyer,2024-09-10,buyer_file,2409,1
dm_2024_fall_buyer,2024-09-10,buyer_file,1998,0
dm_2024_fall_buyer,2024-09-10,buyer_file,1900,1
dm_2024_fall_buyer,2024-09-10,buyer_file,639,1
dm_2024_fall_buyer,2024-09-10,buyer_file,25,1
dm_2024_fall_buyer,2024-09-10,buyer_file,2222,1
dm_2024_fall_buyer,2024-09-10,buyer_file,1559,1
dm_2024_fall_buyer,2024-09-10,buyer_file,1115,1
dm_2024_fall_buyer,2024-09-10,buyer_file,1278,1
dm_2024_fall_buyer,2024-09-10,buyer_file,526,1
dm_2024_fall_buyer,2024-09-10,buyer_file,1540,0
dm_2024_fall_buyer,2024-09-10,buyer_file,1157,0
dm_2024_fall_buyer,2024-09-10,buyer_file,1572,0
dm_2024_fall_buyer,2024-09-10,buyer_file,1293,1
dm_2024_fall_buyer,2024-09-10,buyer_file,757,1
dm_2024_fall_buyer,2024-09-10,buyer_file,356,1
dm_2024_fall_buyer,2024-09-10,buyer_file,243,1
dm_2024_fall_buyer,2024-09-10,buyer_file,1423,1
dm_2024_fall_buyer,2024-09-10,buyer_file,1486,1
dm_2024_fall_buyer,2024-09-10,buyer_file,320,1
dm_2024_fall_buyer,2024-09-10,buyer_file,1913,1
dm_2024_fall_buyer,2024-09-10,buyer_file,808,1
dm_2024_fall_buyer,2024-09-10,buyer_file,357,1
dm_2024_fall_buyer,2024-09-10,buyer_file,1692,1
dm_2024_fall_buyer,2024-09-10,buyer_file,1089,1
dm_2024_fall_buyer,2024-09-10,buyer_file,1543,1
dm_2024_fall_buyer,2024-09-10,buyer_file,605,1
dm_2024_fall_buyer,2024-09-10,buyer_file,1217,1
dm_2024_fall_buyer,2024-09-10,buyer_file,1054,1
dm_2024_fall_buyer,2024-09-10,buyer_file,1875,1
dm_2024_fall_buyer,2024-09-10,buyer_file,2226,1
dm_2024_fall_buyer,2024-09-10,buyer_file,924,1
dm_2024_fall_buyer,2024-09-10,buyer_file,1642,1
dm_2024_fall_buyer,2024-09-10,buyer_file,72,1
dm_2024_fall_buyer,2024-09-10,buyer_file,1939,1
dm_2024_fall_buyer,2024-09-10,buyer_file,1857,1
dm_2024_fall_buyer,2024-09-10,buyer_file,272,1
dm_2024_fall_buyer,2024-09-10,buyer_file,1049,1
dm_2024_fall_buyer,2024-09-10,buyer_file,2086,1
dm_2024_fall_buyer,2024-09-10,buyer_file,1250,1
dm_2024_fall_buyer,2024-09-10,buyer_file,1103,1
dm_2024_fall_buyer,2024-09-10,buyer_file,1232,1
dm_2024_fall_buyer,2024-09-10,buyer_file,1751,1
dm_2024_fall_buyer,2024-09-10,buyer_file,2234,1
dm_2024_fall_buyer,2024-09-10,buyer_file,256,0
dm_2024_fall_buyer,2024-09-10,buyer_file,1307,1
dm_2024_fall_buyer,2024-09-10,buyer_file,1273,1
dm_2024_fall_buyer,2024-09-10,buyer_file,2315,1
dm_2024_fall_buyer,2024-09-10,buyer_file,1032,1
dm_2024_fall_buyer,2024-09-10,buyer_file,2240,0
dm_2024_fall_buyer,2024-09-10,buyer_file,321,1
dm_2024_fall_buyer,2024-09-10,buyer_file,1667,1
dm_2024_fall_buyer,2024-09-10,buyer_file,1357,1
dm_2024_fall_buyer,2024-09-10,buyer_file,1386,1
dm_2024_fall_buyer,2024-09-10,buyer_file,2081,1
dm_2024_fall_buyer,2024-09-10,buyer_file,561,1
dm_2024_fall_buyer,2024-09-10,buyer_file,1056,1
dm_2024_fall_buyer,2024-09-10,buyer_file,618,1
dm_2024_fall_buyer,2024-09-10,buyer_file,1114,1
dm_2024_fall_buyer,2024-09-10,buyer_file,1391,0
dm_2024_fall_buyer,2024-09-10,buyer_file,2495,1
dm_2024_fall_buyer,2024-09-10,buyer_file,1686,1
dm_2024_fall_buyer,2024-09-10,buyer_file,1691,1
dm_2024_fall_buyer,2024-09-10,buyer_file,927,1
dm_2024_fall_buyer,2024-09-10,buyer_file,2479,1
dm_2024_fall_buyer,2024-09-10,buyer_file,228,1
dm_2024_fall_buyer,2024-09-10,buyer_file,1858,1
dm_2024_fall_buyer,2024-09-10,buyer_file,1659,1
dm_2024_fall_buyer,2024-09-10,buyer_file,1029,1
dm_2024_fall_buyer,2024-09-10,buyer_file,2259,0
dm_2024_fall_buyer,2024-09-10,buyer_file,1990,1
dm_2024_fall_buyer,2024-09-10,buyer_file,2004,1
dm_2024_fall_buyer,2024-09-10,buyer_file,1624,1
dm_2024_fall_buyer,2024-09-10,buyer_file,412,1
dm_2024_fall_buyer,2024-09-10,buyer_file,1183,1
dm_2024_fall_buyer,2024-09-10,buyer_file,1039,1
dm_2024_fall_buyer,2024-09-10,buyer_file,447,0
dm_2024_fall_buyer,2024-09-10,buyer_file,1503,1
dm_2024_fall_buyer,2024-09-10,buyer_file,404,1
dm_2024_fall_buyer,2024-09-10,buyer_file,477,0
dm_2024_fall_buyer,2024-09-10,buyer_file,1098,1
dm_2024_fall_buyer,2024-09-10,buyer_file,2295,1
dm_2024_fall_buyer,2024-09-10,buyer_file,1123,1
dm_2024_fall_buyer,2024-09-10,buyer_file,1146,1
dm_2024_fall_buyer,2024-09-10,buyer_file,1320,1
dm_2024_fall_buyer,2024-09-10,buyer_file,2132,0
dm_2024_fall_buyer,2024-09-10,buyer_file,1754,1
dm_2024_fall_buyer,2024-09-10,buyer_file,2260,1
dm_2024_fall_buyer,2024-09-10,buyer_file,31,0
dm_2024_fall_buyer,2024-09-10,buyer_file,1453,1
dm_2024_fall_buyer,2024-09-10,buyer_file,1775,0
dm_2024_fall_buyer,2024-09-10,buyer_file,1743,1
dm_2024_fall_buyer,2024-09-10,buyer_file,507,0
dm_2024_fall_buyer,2024-09-10,buyer_file,1156,1
dm_2024_fall_buyer,2024-09-10,buyer_file,2468,1
dm_2024_fall_buyer,2024-09-10,buyer_file,1030,1
dm_2024_fall_buyer,2024-09-10,buyer_file,224,1
dm_2024_fall_buyer,2024-09-10,buyer_file,1024,1
dm_2024_fall_buyer,2024-09-10,buyer_file,2098,1
dm_2024_fall_buyer,2024-09-10,buyer_file,850,1
dm_2024_fall_buyer,2024-09-10,buyer_file,436,1
dm_2024_fall_buyer,2024-09-10,buyer_file,489,1
dm_2024_fall_buyer,2024-09-10,buyer_file,1406,1
dm_2024_fall_buyer,2024-09-10,buyer_file,1626,0
dm_2024_fall_buyer,2024-09-10,buyer_file,1531,1
dm_2024_fall_buyer,2024-09-10,buyer_file,1714,0
dm_2024_fall_buyer,2024-09-10,buyer_file,1820,1
dm_2024_fall_buyer,2024-09-10,buyer_file,1372,1
dm_2024_fall_buyer,2024-09-10,buyer_file,1549,1
dm_2024_fall_buyer,2024-09-10,buyer_file,4,1
dm_2024_fall_buyer,2024-09-10,buyer_file,1191,1
dm_2024_fall_buyer,2024-09-10,buyer_file,759,1
dm_2024_fall_buyer,2024-09-10,buyer_file,1478,1
dm_2024_fall_buyer,2024-09-10,buyer_file,1484,1
dm_2024_fall_buyer,2024-09-10,buyer_file,633,0
dm_2024_fall_buyer,2024-09-10,buyer_file,2075,1
dm_2024_fall_buyer,2024-09-10,buyer_file,834,1
dm_2024_fall_buyer,2024-09-10,buyer_file,1444,1
dm_2024_fall_buyer,2024-09-10,buyer_file,1367,1
dm_2024_fall_buyer,2024-09-10,buyer_file,278,0
dm_2024_fall_buyer,2024-09-10,buyer_file,346,1
dm_2024_fall_buyer,2024-09-10,buyer_file,846,1
dm_2024_fall_buyer,2024-09-10,buyer_file,888,1
dm_2024_fall_buyer,2024-09-10,buyer_file,1582,1
dm_2024_fall_buyer,2024-09-10,buyer_file,1227,1
dm_2024_fall_buyer,2024-09-10,buyer_file,1236,0
dm_2024_fall_buyer,2024-09-10,buyer_file,1194,1
dm_2024_fall_buyer,2024-09-10,buyer_file,389,1
dm_2024_fall_buyer,2024-09-10,buyer_file,1120,1
dm_2024_fall_buyer,2024-09-10,buyer_file,844,1
dm_2024_fall_buyer,2024-09-10,buyer_file,1533,1
dm_2024_fall_buyer,2024-09-10,buyer_file,2146,1
dm_2024_fall_buyer,2024-09-10,buyer_file,1274,1
dm_2024_fall_buyer,2024-09-10,buyer_file,986,1
dm_2024_fall_buyer,2024-09-10,buyer_file,770,0
dm_2024_fall_buyer,2024-09-10,buyer_file,65,1
dm_2024_fall_buyer,2024-09-10,buyer_file,1403,1
dm_2024_fall_buyer,2024-09-10,buyer_file,2153,1
dm_2024_fall_buyer,2024-09-10,buyer_file,490,1
dm_2024_fall_buyer,2024-09-10,buyer_file,1421,1
dm_2024_fall_buyer,2024-09-10,buyer_file,957,1
dm_2024_fall_buyer,2024-09-10,buyer_file,1901,1
dm_2024_fall_buyer,2024-09-10,buyer_file,1359,0
dm_2024_fall_buyer,2024-09-10,buyer_file,2288,1
dm_2024_fall_buyer,2024-09-10,buyer_file,831,1
dm_2024_fall_buyer,2024-09-10,buyer_file,75,1
dm_2024_fall_buyer,2024-09-10,buyer_file,193,1
dm_2024_fall_buyer,2024-09-10,buyer_file,1811,1
dm_2024_fall_buyer,2024-09-10,buyer_file,758,1
dm_2024_fall_buyer,2024-09-10,buyer_file,2383,1
dm_2024_fall_buyer,2024-09-10,buyer_file,1983,1
dm_2024_fall_buyer,2024-09-10,buyer_file,1136,1
dm_2024_fall_buyer,2024-09-10,buyer_file,286,0
dm_2024_fall_buyer,2024-09-10,buyer_file,2000,1
dm_2024_fall_buyer,2024-09-10,buyer_file,1002,0
dm_2024_fall_buyer,2024-09-10,buyer_file,861,1
dm_2024_fall_buyer,2024-09-10,buyer_file,1244,1
dm_2024_fall_buyer,2024-09-10,buyer_file,1408,0
dm_2024_fall_buyer,2024-09-10,buyer_file,1482,1
dm_2024_fall_buyer,2024-09-10,buyer_file,491,1
dm_2024_fall_buyer,2024-09-10,buyer_file,1456,1
dm_2024_fall_buyer,2024-09-10,buyer_file,183,1
dm_2024_fall_buyer,2024-09-10,buyer_file,2113,0
dm_2024_fall_buyer,2024-09-10,buyer_file,355,1
dm_2024_fall_buyer,2024-09-10,buyer_file,1498,1
dm_2024_fall_buyer,2024-09-10,buyer_file,916,1
dm_2024_fall_buyer,2024-09-10,buyer_file,1027,1
dm_2024_fall_buyer,2024-09-10,buyer_file,912,1
dm_2024_fall_buyer,2024-09-10,buyer_file,2053,1
dm_2024_fall_buyer,2024-09-10,buyer_file,239,0
dm_2024_fall_buyer,2024-09-10,buyer_file,1365,1
dm_2024_fall_buyer,2024-09-10,buyer_file,1362,1
dm_2024_fall_buyer,2024-09-10,buyer_file,1137,1
dm_2024_fall_buyer,2024-09-10,buyer_file,213,1
dm_2024_fall_buyer,2024-09-10,buyer_file,1643,1
dm_2024_fall_buyer,2024-09-10,buyer_file,2484,1
dm_2024_fall_buyer,2024-09-10,buyer_file,2340,1
dm_2024_fall_buyer,2024-09-10,buyer_file,1345,1
dm_2024_fall_buyer,2024-09-10,buyer_file,1106,1
dm_2024_fall_buyer,2024-09-10,buyer_file,101,1
dm_2024_fall_buyer,2024-09-10,buyer_file,146,1
dm_2024_fall_buyer,2024-09-10,buyer_file,1652,1
dm_2024_fall_buyer,2024-09-10,buyer_file,935,1
dm_2024_fall_buyer,2024-09-10,buyer_file,1984,1
dm_2024_fall_buyer,2024-09-10,buyer_file,112,1
dm_2024_fall_buyer,2024-09-10,buyer_file,12,1
dm_2024_fall_buyer,2024-09-10,buyer_file,1830,1
dm_2024_fall_buyer,2024-09-10,buyer_file,2207,1
dm_2024_fall_buyer,2024-09-10,buyer_file,2266,1
dm_2024_fall_buyer,2024-09-10,buyer_file,681,1
dm_2024_fall_buyer,2024-09-10,buyer_file,700,1
dm_2024_fall_buyer,2024-09-10,buyer_file,1508,1
dm_2024_fall_buyer,2024-09-10,buyer_file,1792,1
dm_2024_fall_buyer,2024-09-10,buyer_file,1620,1
dm_2024_fall_buyer,2024-09-10,buyer_file,470,1
dm_2024_fall_buyer,2024-09-10,buyer_file,1337,1
dm_2024_fall_buyer,2024-09-10,buyer_file,1155,1
dm_2024_fall_buyer,2024-09-10,buyer_file,1433,1
dm_2024_fall_buyer,2024-09-10,buyer_file,1262,0
dm_2024_fall_buyer,2024-09-10,buyer_file,908,0
dm_2024_fall_buyer,2024-09-10,buyer_file,1623,1
dm_2024_fall_buyer,2024-09-10,buyer_file,1190,1
dm_2024_fall_buyer,2024-09-10,buyer_file,2444,1
dm_2024_fall_buyer,2024-09-10,buyer_file,1590,1
dm_2024_fall_buyer,2024-09-10,buyer_file,606,1
dm_2024_fall_buyer,2024-09-10,buyer_file,1629,1
dm_2024_fall_buyer,2024-09-10,buyer_file,47,1
dm_2024_fall_buyer,2024-09-10,buyer_file,1986,1
dm_2024_fall_buyer,2024-09-10,buyer_file,361,1
dm_2024_fall_buyer,2024-09-10,buyer_file,1497,1
dm_2024_fall_buyer,2024-09-10,buyer_file,511,0
dm_2024_fall_buyer,2024-09-10,buyer_file,49,0
dm_2024_fall_buyer,2024-09-10,buyer_file,317,1
dm_2024_fall_buyer,2024-09-10,buyer_file,265,1
dm_2024_fall_buyer,2024-09-10,buyer_file,1867,1
dm_2024_fall_buyer,2024-09-10,buyer_file,384,1
dm_2024_fall_buyer,2024-09-10,buyer_file,885,1
dm_2024_fall_buyer,2024-09-10,buyer_file,2439,0
dm_2024_fall_buyer,2024-09-10,buyer_file,38,1
dm_2024_fall_buyer,2024-09-10,buyer_file,165,0
dm_2024_fall_buyer,2024-09-10,buyer_file,2250,1
dm_2024_fall_buyer,2024-09-10,buyer_file,1302,1
dm_2024_fall_buyer,2024-09-10,buyer_file,1015,1
dm_2024_fall_buyer,2024-09-10,buyer_file,1589,1
dm_2024_fall_buyer,2024-09-10,buyer_file,92,1
dm_2024_fall_buyer,2024-09-10,buyer_file,1267,1
dm_2024_fall_buyer,2024-09-10,buyer_file,713,1
dm_2024_fall_buyer,2024-09-10,buyer_file,444,1
dm_2024_fall_buyer,2024-09-10,buyer_file,2165,1
dm_2024_fall_buyer,2024-09-10,buyer_file,1929,1
dm_2024_fall_buyer,2024-09-10,buyer_file,61,1
dm_2024_fall_buyer,2024-09-10,buyer_file,2273,0
dm_2024_fall_buyer,2024-09-10,buyer_file,1675,1
dm_2024_fall_buyer,2024-09-10,buyer_file,1631,1
dm_2024_fall_buyer,2024-09-10,buyer_file,1526,1
dm_2024_fall_buyer,2024-09-10,buyer_file,897,1
dm_2024_fall_buyer,2024-09-10,buyer_file,382,0
dm_2024_fall_buyer,2024-09-10,buyer_file,471,1
dm_2024_fall_buyer,2024-09-10,buyer_file,413,0
dm_2024_fall_buyer,2024-09-10,buyer_file,589,1
dm_2024_fall_buyer,2024-09-10,buyer_file,493,1
dm_2024_fall_buyer,2024-09-10,buyer_file,90244,1
dm_2024_fall_buyer,2024-09-10,buyer_file,2352,1
dm_2024_fall_buyer,2024-09-10,buyer_file,544,1
dm_2024_fall_buyer,2024-09-10,buyer_file,306,1
dm_2024_fall_buyer,2024-09-10,buyer_file,1607,1
dm_2024_fall_buyer,2024-09-10,buyer_file,1431,1
dm_2024_fall_buyer,2024-09-10,buyer_file,44,1
dm_2024_fall_buyer,2024-09-10,buyer_file,995,0
dm_2024_fall_buyer,2024-09-10,buyer_file,431,1
dm_2024_fall_buyer,2024-09-10,buyer_file,107,0
dm_2024_fall_buyer,2024-09-10,buyer_file,2091,1
dm_2024_fall_buyer,2024-09-10,buyer_file,2281,1
dm_2024_fall_buyer,2024-09-10,buyer_file,1281,1
dm_2024_fall_buyer,2024-09-10,buyer_file,1622,1
dm_2024_fall_buyer,2024-09-10,buyer_file,510,1
dm_2024_fall_buyer,2024-09-10,buyer_file,53,1
dm_2024_fall_buyer,2024-09-10,buyer_file,347,0
dm_2024_fall_buyer,2024-09-10,buyer_file,680,1
dm_2024_fall_buyer,2024-09-10,buyer_file,2013,1
dm_2024_fall_buyer,2024-09-10,buyer_file,448,1
dm_2024_fall_buyer,2024-09-10,buyer_file,996,1
dm_2024_fall_buyer,2024-09-10,buyer_file,1651,1
dm_2024_fall_buyer,2024-09-10,buyer_file,2184,1
dm_2024_fall_buyer,2024-09-10,buyer_file,1092,1
dm_2024_fall_buyer,2024-09-10,buyer_file,2160,0
dm_2024_fall_buyer,2024-09-10,buyer_file,676,1
dm_2024_fall_buyer,2024-09-10,buyer_file,1785,1
dm_2024_fall_buyer,2024-09-10,buyer_file,1462,1
dm_2024_fall_buyer,2024-09-10,buyer_file,1166,1
dm_2024_fall_buyer,2024-09-10,buyer_file,940,1
dm_2024_fall_buyer,2024-09-10,buyer_file,626,0
dm_2024_fall_buyer,2024-09-10,buyer_file,1203,1
dm_2024_fall_buyer,2024-09-10,buyer_file,1877,1
dm_2024_fall_buyer,2024-09-10,buyer_file,2407,1
dm_2024_fall_buyer,2024-09-10,buyer_file,748,1
dm_2024_fall_buyer,2024-09-10,buyer_file,2188,1
dm_2024_fall_buyer,2024-09-10,buyer_file,2392,1
dm_2024_fall_buyer,2024-09-10,buyer_file,853,1
dm_2024_fall_prospect,2024-09-10,prospect,90356,0
dm_2024_fall_prospect,2024-09-10,prospect,90107,1
dm_2024_fall_prospect,2024-09-10,prospect,90189,1
dm_2024_fall_prospect,2024-09-10,prospect,90313,1
dm_2024_fall_prospect,2024-09-10,prospect,90328,0
dm_2024_fall_prospect,2024-09-10,prospect,90223,1
dm_2024_fall_prospect,2024-09-10,prospect,90295,1
dm_2024_fall_prospect,2024-09-10,prospect,90265,1
dm_2024_fall_prospect,2024-09-10,prospect,90168,1
dm_2024_fall_prospect,2024-09-10,prospect,90010,1
dm_2024_fall_prospect,2024-09-10,prospect,90143,0
dm_2024_fall_prospect,2024-09-10,prospect,90166,1
dm_2024_fall_prospect,2024-09-10,prospect,90009,1
dm_2024_fall_prospect,2024-09-10,prospect,90331,1
dm_2024_fall_prospect,2024-09-10,prospect,90172,1
dm_2024_fall_prospect,2024-09-10,prospect,90210,1
dm_2024_fall_prospect,2024-09-10,prospect,90385,1
dm_2024_fall_prospect,2024-09-10,prospect,90363,1
dm_2024_fall_prospect,2024-09-10,prospect,90296,1
dm_2024_fall_prospect,2024-09-10,prospect,90118,1
dm_2024_fall_prospect,2024-09-10,prospect,90249,0
dm_2024_fall_prospect,2024-09-10,prospect,90176,1
dm_2024_fall_prospect,2024-09-10,prospect,90160,1
dm_2024_fall_prospect,2024-09-10,prospect,90024,0
dm_2024_fall_prospect,2024-09-10,prospect,90070,1
dm_2024_fall_prospect,2024-09-10,prospect,90365,1
dm_2024_fall_prospect,2024-09-10,prospect,90136,1
dm_2024_fall_prospect,2024-09-10,prospect,90092,1
dm_2024_fall_prospect,2024-09-10,prospect,90288,1
dm_2024_fall_prospect,2024-09-10,prospect,90395,1
dm_2024_fall_prospect,2024-09-10,prospect,90037,1
dm_2024_fall_prospect,2024-09-10,prospect,90242,1
dm_2024_fall_prospect,2024-09-10,prospect,90360,1
dm_2024_fall_prospect,2024-09-10,prospect,90275,0
dm_2024_fall_prospect,2024-09-10,prospect,90301,0
dm_2024_fall_prospect,2024-09-10,prospect,90086,1
dm_2024_fall_prospect,2024-09-10,prospect,90170,1
dm_2024_fall_prospect,2024-09-10,prospect,90229,0
dm_2024_fall_prospect,2024-09-10,prospect,90064,0
dm_2024_fall_prospect,2024-09-10,prospect,90154,1
dm_2024_fall_prospect,2024-09-10,prospect,90018,1
dm_2024_fall_prospect,2024-09-10,prospect,90067,1
dm_2024_fall_prospect,2024-09-10,prospect,90364,1
dm_2024_fall_prospect,2024-09-10,prospect,90029,1
dm_2024_fall_prospect,2024-09-10,prospect,90350,1
dm_2024_fall_prospect,2024-09-10,prospect,90124,1
dm_2024_fall_prospect,2024-09-10,prospect,90276,0
dm_2024_fall_prospect,2024-09-10,prospect,90389,1
dm_2024_fall_prospect,2024-09-10,prospect,90252,1
dm_2024_fall_prospect,2024-09-10,prospect,90220,1
dm_2024_fall_prospect,2024-09-10,prospect,90089,1
dm_2024_fall_prospect,2024-09-10,prospect,90193,1
dm_2024_fall_prospect,2024-09-10,prospect,90155,1
dm_2024_fall_prospect,2024-09-10,prospect,90264,0
dm_2024_fall_prospect,2024-09-10,prospect,90370,0
dm_2024_fall_prospect,2024-09-10,prospect,90323,1
dm_2024_fall_prospect,2024-09-10,prospect,90211,1
dm_2024_fall_prospect,2024-09-10,prospect,90128,1
dm_2024_fall_prospect,2024-09-10,prospect,90393,0
dm_2024_fall_prospect,2024-09-10,prospect,90332,1
dm_2024_fall_prospect,2024-09-10,prospect,90148,1
dm_2024_fall_prospect,2024-09-10,prospect,90294,0
dm_2024_fall_prospect,2024-09-10,prospect,90126,1
dm_2024_fall_prospect,2024-09-10,prospect,90209,0
dm_2024_fall_prospect,2024-09-10,prospect,90287,0
dm_2024_fall_prospect,2024-09-10,prospect,90027,1
dm_2024_fall_prospect,2024-09-10,prospect,90198,1
dm_2024_fall_prospect,2024-09-10,prospect,90101,1
dm_2024_fall_prospect,2024-09-10,prospect,90353,1
dm_2024_fall_prospect,2024-09-10,prospect,90263,1
dm_2024_fall_prospect,2024-09-10,prospect,90180,1
dm_2024_fall_prospect,2024-09-10,prospect,90114,0
dm_2024_fall_prospect,2024-09-10,prospect,90391,1
dm_2024_fall_prospect,2024-09-10,prospect,90044,1
dm_2024_fall_prospect,2024-09-10,prospect,90012,0
dm_2024_fall_prospect,2024-09-10,prospect,90041,1
dm_2024_fall_prospect,2024-09-10,prospect,90073,1
dm_2024_fall_prospect,2024-09-10,prospect,90225,1
dm_2024_fall_prospect,2024-09-10,prospect,90282,1
dm_2024_fall_prospect,2024-09-10,prospect,90382,0
dm_2024_fall_prospect,2024-09-10,prospect,90194,1
dm_2024_fall_prospect,2024-09-10,prospect,90308,1
dm_2024_fall_prospect,2024-09-10,prospect,90171,1
dm_2024_fall_prospect,2024-09-10,prospect,90327,1
dm_2024_fall_prospect,2024-09-10,prospect,90397,1
dm_2024_fall_prospect,2024-09-10,prospect,90399,1
dm_2024_fall_prospect,2024-09-10,prospect,90001,1
dm_2024_fall_prospect,2024-09-10,prospect,90151,0
dm_2024_fall_prospect,2024-09-10,prospect,90258,0
dm_2024_fall_prospect,2024-09-10,prospect,90398,1
dm_2024_fall_prospect,2024-09-10,prospect,90076,1
dm_2024_fall_prospect,2024-09-10,prospect,90251,1
dm_2024_fall_prospect,2024-09-10,prospect,90236,1
dm_2024_fall_prospect,2024-09-10,prospect,90330,1
dm_2024_fall_prospect,2024-09-10,prospect,90269,1
dm_2024_fall_prospect,2024-09-10,prospect,90349,1
dm_2024_fall_prospect,2024-09-10,prospect,90244,1
dm_2024_fall_prospect,2024-09-10,prospect,90025,1
dm_2024_fall_prospect,2024-09-10,prospect,90111,1
dm_2024_fall_prospect,2024-09-10,prospect,90199,1
dm_2024_fall_prospect,2024-09-10,prospect,90392,0
dm_2024_fall_prospect,2024-09-10,prospect,90213,1
dm_2024_fall_prospect,2024-09-10,prospect,90310,1
dm_2024_fall_prospect,2024-09-10,prospect,90335,1
dm_2024_fall_prospect,2024-09-10,prospect,90100,1
dm_2024_fall_prospect,2024-09-10,prospect,90217,1
dm_2024_fall_prospect,2024-09-10,prospect,90302,1
dm_2024_fall_prospect,2024-09-10,prospect,90130,1
dm_2024_fall_prospect,2024-09-10,prospect,90156,1
dm_2024_fall_prospect,2024-09-10,prospect,90145,1
dm_2024_fall_prospect,2024-09-10,prospect,90109,1
dm_2024_fall_prospect,2024-09-10,prospect,90133,0
dm_2024_fall_prospect,2024-09-10,prospect,90207,1
dm_2024_fall_prospect,2024-09-10,prospect,90261,1
dm_2024_fall_prospect,2024-09-10,prospect,90320,0
dm_2024_fall_prospect,2024-09-10,prospect,90338,1
dm_2024_fall_prospect,2024-09-10,prospect,90120,1
dm_2024_fall_prospect,2024-09-10,prospect,90054,1
dm_2024_fall_prospect,2024-09-10,prospect,90354,1
dm_2024_fall_prospect,2024-09-10,prospect,90346,1
dm_2024_fall_prospect,2024-09-10,prospect,90078,0
dm_2024_fall_prospect,2024-09-10,prospect,90333,1
dm_2024_fall_prospect,2024-09-10,prospect,90329,1
dm_2024_fall_prospect,2024-09-10,prospect,90190,1
dm_2024_fall_prospect,2024-09-10,prospect,90226,0
dm_2024_fall_prospect,2024-09-10,prospect,90216,1
dm_2024_fall_prospect,2024-09-10,prospect,90046,1
dm_2024_fall_prospect,2024-09-10,prospect,90245,0
dm_2024_fall_prospect,2024-09-10,prospect,90303,1
dm_2024_fall_prospect,2024-09-10,prospect,90230,1
dm_2024_fall_prospect,2024-09-10,prospect,90113,0
dm_2024_fall_prospect,2024-09-10,prospect,90362,0
dm_2024_fall_prospect,2024-09-10,prospect,90383,1
dm_2024_fall_prospect,2024-09-10,prospect,90348,1
dm_2024_fall_prospect,2024-09-10,prospect,90144,0
dm_2024_fall_prospect,2024-09-10,prospect,90183,1
dm_2024_fall_prospect,2024-09-10,prospect,90237,1
dm_2024_fall_prospect,2024-09-10,prospect,90347,1
dm_2024_fall_prospect,2024-09-10,prospect,90351,0
dm_2024_fall_prospect,2024-09-10,prospect,90400,1
dm_2024_fall_prospect,2024-09-10,prospect,90212,1
dm_2024_fall_prospect,2024-09-10,prospect,90376,1
dm_2024_fall_prospect,2024-09-10,prospect,90366,1
dm_2024_fall_prospect,2024-09-10,prospect,90285,1
dm_2024_fall_prospect,2024-09-10,prospect,90201,0
dm_2024_fall_prospect,2024-09-10,prospect,90278,1
dm_2024_fall_prospect,2024-09-10,prospect,90138,1
dm_2024_fall_prospect,2024-09-10,prospect,90081,1
dm_2024_fall_prospect,2024-09-10,prospect,90179,1
dm_2024_fall_prospect,2024-09-10,prospect,90011,1
dm_2024_fall_prospect,2024-09-10,prospect,90131,0
dm_2024_fall_prospect,2024-09-10,prospect,90158,1
dm_2024_fall_prospect,2024-09-10,prospect,90231,1
dm_2024_fall_prospect,2024-09-10,prospect,90233,1
dm_2024_fall_prospect,2024-09-10,prospect,90142,1
dm_2024_fall_prospect,2024-09-10,prospect,90235,1
dm_2024_fall_prospect,2024-09-10,prospect,90227,0
dm_2024_fall_prospect,2024-09-10,prospect,90267,1
dm_2024_fall_prospect,2024-09-10,prospect,90257,1
dm_2024_fall_prospect,2024-09-10,prospect,90337,1
dm_2024_fall_prospect,2024-09-10,prospect,90127,1
dm_2024_fall_prospect,2024-09-10,prospect,90068,1
dm_2024_fall_prospect,2024-09-10,prospect,90256,1
dm_2024_fall_prospect,2024-09-10,prospect,90240,1
dm_2024_fall_prospect,2024-09-10,prospect,90334,0
dm_2024_fall_prospect,2024-09-10,prospect,90262,1
dm_2024_fall_prospect,2024-09-10,prospect,90096,1
dm_2024_fall_prospect,2024-09-10,prospect,90157,1
dm_2024_fall_prospect,2024-09-10,prospect,90259,1
dm_2024_fall_prospect,2024-09-10,prospect,90379,1
dm_2024_fall_prospect,2024-09-10,prospect,90074,1
dm_2024_fall_prospect,2024-09-10,prospect,90167,1
dm_2024_fall_prospect,2024-09-10,prospect,90062,1
dm_2024_fall_prospect,2024-09-10,prospect,90271,1
dm_2024_fall_prospect,2024-09-10,prospect,90215,1
dm_2024_fall_prospect,2024-09-10,prospect,90129,1
dm_2024_fall_prospect,2024-09-10,prospect,90342,1
dm_2024_fall_prospect,2024-09-10,prospect,90375,1
dm_2024_fall_prospect,2024-09-10,prospect,90036,0
dm_2024_fall_prospect,2024-09-10,prospect,90316,1
dm_2024_fall_prospect,2024-09-10,prospect,90091,1
dm_2024_fall_prospect,2024-09-10,prospect,90218,1
dm_2024_fall_prospect,2024-09-10,prospect,90049,1
dm_2024_fall_prospect,2024-09-10,prospect,90115,1
dm_2024_fall_prospect,2024-09-10,prospect,90192,1
dm_2024_fall_prospect,2024-09-10,prospect,90381,1
dm_2024_fall_prospect,2024-09-10,prospect,90202,1
dm_2024_fall_prospect,2024-09-10,prospect,90065,1
dm_2024_fall_prospect,2024-09-10,prospect,90260,1
dm_2024_fall_prospect,2024-09-10,prospect,90008,1
dm_2024_fall_prospect,2024-09-10,prospect,90305,1
dm_2024_fall_prospect,2024-09-10,prospect,90238,0
dm_2024_fall_prospect,2024-09-10,prospect,90228,1
dm_2024_fall_prospect,2024-09-10,prospect,90122,1
dm_2024_fall_prospect,2024-09-10,prospect,90321,1
dm_2024_fall_prospect,2024-09-10,prospect,90284,1
dm_2024_fall_prospect,2024-09-10,prospect,90108,1
dm_2024_fall_prospect,2024-09-10,prospect,90390,1
dm_2024_fall_prospect,2024-09-10,prospect,90372,1
dm_2024_fall_prospect,2024-09-10,prospect,90324,1
dm_2024_fall_prospect,2024-09-10,prospect,90007,1
dm_2024_fall_prospect,2024-09-10,prospect,90239,1
dm_2024_fall_prospect,2024-09-10,prospect,90039,1
dm_2024_fall_prospect,2024-09-10,prospect,90006,1
dm_2024_fall_prospect,2024-09-10,prospect,90123,1
dm_2024_fall_prospect,2024-09-10,prospect,90204,1
dm_2024_fall_prospect,2024-09-10,prospect,90205,1
dm_2024_fall_prospect,2024-09-10,prospect,90273,1
dm_2024_fall_prospect,2024-09-10,prospect,90021,1
dm_2024_fall_prospect,2024-09-10,prospect,90079,1
dm_2024_fall_prospect,2024-09-10,prospect,90153,0
dm_2024_fall_prospect,2024-09-10,prospect,90255,1
dm_2024_fall_prospect,2024-09-10,prospect,90090,1
dm_2024_fall_prospect,2024-09-10,prospect,90052,0
dm_2024_fall_prospect,2024-09-10,prospect,90077,1
dm_2024_fall_prospect,2024-09-10,prospect,90023,1
dm_2024_fall_prospect,2024-09-10,prospect,90020,1
dm_2024_fall_prospect,2024-09-10,prospect,90082,1
dm_2024_fall_prospect,2024-09-10,prospect,90121,1
dm_2024_fall_prospect,2024-09-10,prospect,90283,1
dm_2024_fall_prospect,2024-09-10,prospect,90268,1
dm_2024_fall_prospect,2024-09-10,prospect,90181,1
dm_2024_fall_prospect,2024-09-10,prospect,90016,1
dm_2024_fall_prospect,2024-09-10,prospect,90378,1
dm_2024_fall_prospect,2024-09-10,prospect,90221,1
dm_2024_fall_prospect,2024-09-10,prospect,90015,1
dm_2024_fall_prospect,2024-09-10,prospect,90388,1
dm_2024_fall_prospect,2024-09-10,prospect,90165,1
dm_2024_fall_prospect,2024-09-10,prospect,90326,1
dm_2024_fall_prospect,2024-09-10,prospect,90147,1
dm_2024_fall_prospect,2024-09-10,prospect,90072,1
dm_2024_fall_prospect,2024-09-10,prospect,90174,1
dm_2024_fall_prospect,2024-09-10,prospect,90105,1
dm_2024_fall_prospect,2024-09-10,prospect,90234,1
dm_2024_fall_prospect,2024-09-10,prospect,90102,0
dm_2024_fall_prospect,2024-09-10,prospect,90373,1
dm_2024_fall_prospect,2024-09-10,prospect,90293,1
dm_2024_fall_prospect,2024-09-10,prospect,90319,1
dm_2024_fall_prospect,2024-09-10,prospect,90208,1
dm_2024_fall_prospect,2024-09-10,prospect,90075,1
dm_2024_fall_prospect,2024-09-10,prospect,90312,1
dm_2024_fall_prospect,2024-09-10,prospect,90088,1
dm_2024_fall_prospect,2024-09-10,prospect,90063,1
dm_2024_fall_prospect,2024-09-10,prospect,90135,1
dm_2024_fall_prospect,2024-09-10,prospect,90371,1
dm_2024_fall_prospect,2024-09-10,prospect,90290,0
dm_2024_fall_prospect,2024-09-10,prospect,90094,1
dm_2024_fall_prospect,2024-09-10,prospect,90380,1
dm_2024_fall_prospect,2024-09-10,prospect,90159,1
dm_2024_fall_prospect,2024-09-10,prospect,90047,1
dm_2024_fall_prospect,2024-09-10,prospect,90187,1
dm_2024_fall_prospect,2024-09-10,prospect,90034,0
dm_2024_fall_prospect,2024-09-10,prospect,90106,0
dm_2024_fall_prospect,2024-09-10,prospect,90339,1
dm_2024_fall_prospect,2024-09-10,prospect,90169,1
dm_2024_fall_prospect,2024-09-10,prospect,90004,1
dm_2024_fall_prospect,2024-09-10,prospect,90396,1
dm_2024_fall_prospect,2024-09-10,prospect,90359,0
dm_2024_fall_prospect,2024-09-10,prospect,90286,1
dm_2024_fall_prospect,2024-09-10,prospect,90344,1
dm_2024_fall_prospect,2024-09-10,prospect,90367,1
dm_2024_fall_prospect,2024-09-10,prospect,90368,0
dm_2024_fall_prospect,2024-09-10,prospect,90178,1
dm_2024_fall_prospect,2024-09-10,prospect,90277,1
dm_2024_fall_prospect,2024-09-10,prospect,90191,1
dm_2024_fall_prospect,2024-09-10,prospect,90093,1
dm_2024_fall_prospect,2024-09-10,prospect,90195,1
dm_2024_fall_prospect,2024-09-10,prospect,90184,1
dm_2024_fall_prospect,2024-09-10,prospect,90140,1
dm_2024_fall_prospect,2024-09-10,prospect,90345,0
dm_2024_fall_prospect,2024-09-10,prospect,90103,1
dm_2024_fall_prospect,2024-09-10,prospect,90253,1
dm_2024_fall_prospect,2024-09-10,prospect,90132,1
dm_2024_fall_prospect,2024-09-10,prospect,90386,1
dm_2024_fall_prospect,2024-09-10,prospect,90071,1
dm_2024_fall_prospect,2024-09-10,prospect,90014,0
dm_2024_fall_prospect,2024-09-10,prospect,90152,1
dm_2024_fall_prospect,2024-09-10,prospect,90311,1
dm_2024_fall_prospect,2024-09-10,prospect,90325,0
dm_2024_fall_prospect,2024-09-10,prospect,90299,0
dm_2024_fall_prospect,2024-09-10,prospect,90028,1
dm_2024_fall_prospect,2024-09-10,prospect,90307,1
dm_2024_fall_prospect,2024-09-10,prospect,90058,1
dm_2024_fall_prospect,2024-09-10,prospect,90279,1
dm_2024_fall_prospect,2024-09-10,prospect,90222,1
dm_2024_fall_prospect,2024-09-10,prospect,90150,1
dm_2024_fall_prospect,2024-09-10,prospect,90055,0
dm_2024_fall_prospect,2024-09-10,prospect,90266,1
dm_2024_fall_prospect,2024-09-10,prospect,90040,0
dm_2024_fall_prospect,2024-09-10,prospect,90361,1
dm_2024_fall_prospect,2024-09-10,prospect,90112,0
dm_2024_fall_prospect,2024-09-10,prospect,90061,1
dm_2024_fall_prospect,2024-09-10,prospect,90322,1
dm_2024_fall_prospect,2024-09-10,prospect,90196,0
dm_2024_fall_prospect,2024-09-10,prospect,90387,1
dm_2024_fall_prospect,2024-09-10,prospect,90066,1
dm_2024_fall_prospect,2024-09-10,prospect,90083,1
dm_2024_fall_prospect,2024-09-10,prospect,90098,1
dm_2024_fall_prospect,2024-09-10,prospect,90104,1
dm_2024_fall_prospect,2024-09-10,prospect,90053,1
dm_2024_fall_prospect,2024-09-10,prospect,90300,1
dm_2024_fall_prospect,2024-09-10,prospect,90137,1
dm_2024_fall_prospect,2024-09-10,prospect,90292,1
dm_2024_fall_prospect,2024-09-10,prospect,90314,1
dm_2024_fall_prospect,2024-09-10,prospect,90116,1
dm_2024_fall_prospect,2024-09-10,prospect,90247,1
dm_2024_fall_prospect,2024-09-10,prospect,90060,1
dm_2024_fall_prospect,2024-09-10,prospect,90161,1
dm_2024_fall_prospect,2024-09-10,prospect,90117,1
dm_2024_fall_prospect,2024-09-10,prospect,90394,1
dm_2024_fall_prospect,2024-09-10,prospect,90164,0
dm_2024_fall_prospect,2024-09-10,prospect,90084,1
dm_2024_fall_prospect,2024-09-10,prospect,90050,0
dm_2024_fall_prospect,2024-09-10,prospect,90369,1
dm_2024_fall_prospect,2024-09-10,prospect,90019,0
dm_2024_fall_prospect,2024-09-10,prospect,90374,1
dm_2024_fall_prospect,2024-09-10,prospect,90003,1
dm_2024_fall_prospect,2024-09-10,prospect,90048,1
dm_2024_fall_prospect,2024-09-10,prospect,90139,1
dm_2024_fall_prospect,2024-09-10,prospect,90341,0
dm_2024_fall_prospect,2024-09-10,prospect,90384,1
dm_2024_fall_prospect,2024-09-10,prospect,90317,1
dm_2024_fall_prospect,2024-09-10,prospect,90186,0
dm_2024_fall_prospect,2024-09-10,prospect,90298,1
dm_2024_fall_prospect,2024-09-10,prospect,90250,1
dm_2024_fall_prospect,2024-09-10,prospect,90336,0
dm_2024_fall_prospect,2024-09-10,prospect,90177,1
dm_2024_fall_prospect,2024-09-10,prospect,90146,1
dm_2024_fall_prospect,2024-09-10,prospect,90119,1
dm_2024_fall_prospect,2024-09-10,prospect,90022,0
dm_2024_fall_prospect,2024-09-10,prospect,90030,0
dm_2024_fall_prospect,2024-09-10,prospect,90232,1
dm_2024_fall_prospect,2024-09-10,prospect,90097,1
dm_2024_fall_prospect,2024-09-10,prospect,90377,0
dm_2024_fall_prospect,2024-09-10,prospect,90203,1
dm_2024_fall_prospect,2024-09-10,prospect,90306,1
dm_2024_fall_prospect,2024-09-10,prospect,90315,1
dm_2024_fall_prospect,2024-09-10,prospect,90059,0
dm_2024_fall_prospect,2024-09-10,prospect,90188,0
dm_2024_fall_prospect,2024-09-10,prospect,90182,0
dm_2024_fall_prospect,2024-09-10,prospect,90002,1
dm_2024_fall_prospect,2024-09-10,prospect,90343,0
dm_2024_fall_prospect,2024-09-10,prospect,90224,1
dm_2024_fall_prospect,2024-09-10,prospect,90352,1
dm_2024_fall_prospect,2024-09-10,prospect,90031,1
dm_2024_fall_prospect,2024-09-10,prospect,90085,0
dm_2024_fall_prospect,2024-09-10,prospect,90254,0
dm_2024_fall_prospect,2024-09-10,prospect,90110,0
dm_2024_fall_prospect,2024-09-10,prospect,90035,1
dm_2024_fall_prospect,2024-09-10,prospect,90246,1
dm_2024_fall_prospect,2024-09-10,prospect,90340,1
dm_2024_fall_prospect,2024-09-10,prospect,90270,0
dm_2024_fall_prospect,2024-09-10,prospect,90005,1
dm_2024_fall_prospect,2024-09-10,prospect,90017,0
dm_2024_fall_prospect,2024-09-10,prospect,90291,1
dm_2024_fall_prospect,2024-09-10,prospect,90185,1
dm_2024_fall_prospect,2024-09-10,prospect,90280,1
dm_2024_fall_prospect,2024-09-10,prospect,90125,1
dm_2024_fall_prospect,2024-09-10,prospect,90197,1
dm_2024_fall_prospect,2024-09-10,prospect,90080,1
dm_2024_fall_prospect,2024-09-10,prospect,90272,0
dm_2024_fall_prospect,2024-09-10,prospect,90173,0
dm_2024_fall_prospect,2024-09-10,prospect,90095,1
dm_2024_fall_prospect,2024-09-10,prospect,90289,1
dm_2024_fall_prospect,2024-09-10,prospect,90032,0
dm_2024_fall_prospect,2024-09-10,prospect,90281,1
dm_2024_fall_prospect,2024-09-10,prospect,90357,1
dm_2024_fall_prospect,2024-09-10,prospect,90057,1
dm_2024_fall_prospect,2024-09-10,prospect,90043,1
dm_2024_fall_prospect,2024-09-10,prospect,90134,1
dm_2024_fall_prospect,2024-09-10,prospect,90162,1
dm_2024_fall_prospect,2024-09-10,prospect,90297,0
dm_2024_fall_prospect,2024-09-10,prospect,90038,1
dm_2024_fall_prospect,2024-09-10,prospect,90241,1
dm_2024_fall_prospect,2024-09-10,prospect,90175,1
dm_2024_fall_prospect,2024-09-10,prospect,90206,1
dm_2024_fall_prospect,2024-09-10,prospect,90163,1
dm_2024_fall_prospect,2024-09-10,prospect,90248,1
dm_2024_fall_prospect,2024-09-10,prospect,90309,1
dm_2024_fall_prospect,2024-09-10,prospect,90042,1
dm_2024_fall_prospect,2024-09-10,prospect,90149,1
dm_2024_fall_prospect,2024-09-10,prospect,90026,1
dm_2024_fall_prospect,2024-09-10,prospect,90219,1
dm_2024_fall_prospect,2024-09-10,prospect,90056,0
dm_2024_fall_prospect,2024-09-10,prospect,90243,1
dm_2024_fall_prospect,2024-09-10,prospect,90304,1
dm_2024_fall_prospect,2024-09-10,prospect,90274,0
dm_2024_fall_prospect,2024-09-10,prospect,90099,1
dm_2024_fall_prospect,2024-09-10,prospect,90045,1
dm_2024_fall_prospect,2024-09-10,prospect,90033,1
dm_2024_fall_prospect,2024-09-10,prospect,90087,1
dm_2024_fall_prospect,2024-09-10,prospect,90318,1
dm_2024_fall_prospect,2024-09-10,prospect,90069,1
dm_2024_fall_prospect,2024-09-10,prospect,90013,0
dm_2024_fall_prospect,2024-09-10,prospect,90200,1
dm_2024_fall_prospect,2024-09-10,prospect,90214,0
dm_2024_fall_prospect,2024-09-10,prospect,90355,1
dm_2024_fall_prospect,2024-09-10,prospect,90051,1
dm_2024_fall_prospect,2024-09-10,prospect,90358,1
dm_2024_fall_prospect,2024-09-10,prospect,90141,0
