spend_date,campaign_type,utm_campaign,spend,platform_reported_purchases
2023-01-01,buyer_file,meta_buyer_file_2023_01,965.58,26
2023-01-01,acquisition,meta_acquisition_2023_01,1413.01,21
2023-01-02,buyer_file,meta_buyer_file_2023_01,855.08,34
2023-01-02,acquisition,meta_acquisition_2023_01,1054.93,10
2023-01-03,buyer_file,meta_buyer_file_2023_01,752.61,25
2023-01-03,acquisition,meta_acquisition_2023_01,1356.91,19
2023-01-04,buyer_file,meta_buyer_file_2023_01,852.43,6
2023-01-04,acquisition,meta_acquisition_2023_01,1118.57,21
2023-01-05,buyer_file,meta_buyer_file_2023_01,942.12,7
2023-01-05,acquisition,meta_acquisition_2023_01,1534.98,36
2023-01-06,buyer_file,meta_buyer_file_2023_01,869.68,19
2023-01-06,acquisition,meta_acquisition_2023_01,1054.82,26
2023-01-07,buyer_file,meta_buyer_file_2023_01,950.89,12
2023-01-07,acquisition,meta_acquisition_2023_01,1347.72,33
2023-01-08,buyer_file,meta_buyer_file_2023_01,887.68,12
2023-01-08,acquisition,meta_acquisition_2023_01,1237.66,28
2023-01-09,buyer_file,meta_buyer_file_2023_01,828.15,11
2023-01-09,acquisition,meta_acquisition_2023_01,975.24,39
2023-01-10,buyer_file,meta_buyer_file_2023_01,628.26,30
2023-01-10,acquisition,meta_acquisition_2023_01,1174.47,5
2023-01-11,buyer_file,meta_buyer_file_2023_01,781.94,16
2023-01-11,acquisition,meta_acquisition_2023_01,924.86,26
2023-01-12,buyer_file,meta_buyer_file_2023_01,1002.69,9
2023-01-12,acquisition,meta_acquisition_2023_01,1270.82,30
2023-01-13,buyer_file,meta_buyer_file_2023_01,909.74,26
2023-01-13,acquisition,meta_acquisition_2023_01,1525.87,30
2023-01-14,buyer_file,meta_buyer_file_2023_01,942.03,13
2023-01-14,acquisition,meta_acquisition_2023_01,965.45,32
2023-01-15,buyer_file,meta_buyer_file_2023_01,834.27,6
2023-01-15,acquisition,meta_acquisition_2023_01,1236.29,37
2023-01-16,buyer_file,meta_buyer_file_2023_01,778.64,22
2023-01-16,acquisition,meta_acquisition_2023_01,1210.37,14
2023-01-17,buyer_file,meta_buyer_file_2023_01,975.12,19
2023-01-17,acquisition,meta_acquisition_2023_01,983.27,28
2023-01-18,buyer_file,meta_buyer_file_2023_01,821.71,37
2023-01-18,acquisition,meta_acquisition_2023_01,1435.84,17
2023-01-19,buyer_file,meta_buyer_file_2023_01,887.57,10
2023-01-19,acquisition,meta_acquisition_2023_01,843.07,28
2023-01-20,buyer_file,meta_buyer_file_2023_01,775.34,25
2023-01-20,acquisition,meta_acquisition_2023_01,1452.92,35
2023-01-21,buyer_file,meta_buyer_file_2023_01,709.52,21
2023-01-21,acquisition,meta_acquisition_2023_01,1111.71,18
2023-01-22,buyer_file,meta_buyer_file_2023_01,930.31,27
2023-01-22,acquisition,meta_acquisition_2023_01,927.92,15
2023-01-23,buyer_file,meta_buyer_file_2023_01,912.51,24
2023-01-23,acquisition,meta_acquisition_2023_01,873.9,10
2023-01-24,buyer_file,meta_buyer_file_2023_01,632.26,39
2023-01-24,acquisition,meta_acquisition_2023_01,1016.07,10
2023-01-25,buyer_file,meta_buyer_file_2023_01,834.25,28
2023-01-25,acquisition,meta_acquisition_2023_01,1209.52,35
2023-01-26,buyer_file,meta_buyer_file_2023_01,831.81,5
2023-01-26,acquisition,meta_acquisition_2023_01,1510.85,26
2023-01-27,buyer_file,meta_buyer_file_2023_01,947.85,34
2023-01-27,acquisition,meta_acquisition_2023_01,911.98,36
2023-01-28,buyer_file,meta_buyer_file_2023_01,599.09,36
2023-01-28,acquisition,meta_acquisition_2023_01,1343.47,17
2023-01-29,buyer_file,meta_buyer_file_2023_01,575.68,31
2023-01-29,acquisition,meta_acquisition_2023_01,1200.23,8
2023-01-30,buyer_file,meta_buyer_file_2023_01,988.76,24
2023-01-30,acquisition,meta_acquisition_2023_01,893.07,21
2023-01-31,buyer_file,meta_buyer_file_2023_01,996.84,29
2023-01-31,acquisition,meta_acquisition_2023_01,843.47,10
2023-02-01,buyer_file,meta_buyer_file_2023_02,1022.32,21
2023-02-01,acquisition,meta_acquisition_2023_02,1229.43,19
2023-02-02,buyer_file,meta_buyer_file_2023_02,925.17,40
2023-02-02,acquisition,meta_acquisition_2023_02,1265.23,18
2023-02-03,buyer_file,meta_buyer_file_2023_02,674.75,29
2023-02-03,acquisition,meta_acquisition_2023_02,1242.2,12
2023-02-04,buyer_file,meta_buyer_file_2023_02,922.91,34
2023-02-04,acquisition,meta_acquisition_2023_02,1390.05,30
2023-02-05,buyer_file,meta_buyer_file_2023_02,779.6,32
2023-02-05,acquisition,meta_acquisition_2023_02,1457.55,5
2023-02-06,buyer_file,meta_buyer_file_2023_02,746.13,19
2023-02-06,acquisition,meta_acquisition_2023_02,1063.32,34
2023-02-07,buyer_file,meta_buyer_file_2023_02,884.63,19
2023-02-07,acquisition,meta_acquisition_2023_02,1446.79,35
2023-02-08,buyer_file,meta_buyer_file_2023_02,924.95,7
2023-02-08,acquisition,meta_acquisition_2023_02,1003.91,16
2023-02-09,buyer_file,meta_buyer_file_2023_02,686.81,31
2023-02-09,acquisition,meta_acquisition_2023_02,1378.86,33
2023-02-10,buyer_file,meta_buyer_file_2023_02,720.0,36
2023-02-10,acquisition,meta_acquisition_2023_02,1485.22,21
2023-02-11,buyer_file,meta_buyer_file_2023_02,1037.38,26
2023-02-11,acquisition,meta_acquisition_2023_02,923.74,5
2023-02-12,buyer_file,meta_buyer_file_2023_02,705.05,22
2023-02-12,acquisition,meta_acquisition_2023_02,1485.77,7
2023-02-13,buyer_file,meta_buyer_file_2023_02,841.59,33
2023-02-13,acquisition,meta_acquisition_2023_02,1362.26,18
2023-02-14,buyer_file,meta_buyer_file_2023_02,964.97,39
2023-02-14,acquisition,meta_acquisition_2023_02,906.77,27
2023-02-15,buyer_file,meta_buyer_file_2023_02,745.77,26
2023-02-15,acquisition,meta_acquisition_2023_02,1448.49,15
2023-02-16,buyer_file,meta_buyer_file_2023_02,792.15,34
2023-02-16,acquisition,meta_acquisition_2023_02,1267.93,28
2023-02-17,buyer_file,meta_buyer_file_2023_02,952.46,24
2023-02-17,acquisition,meta_acquisition_2023_02,1417.98,31
2023-02-18,buyer_file,meta_buyer_file_2023_02,959.34,11
2023-02-18,acquisition,meta_acquisition_2023_02,917.4,35
2023-02-19,buyer_file,meta_buyer_file_2023_02,1017.61,35
2023-02-19,acquisition,meta_acquisition_2023_02,1122.39,33
2023-02-20,buyer_file,meta_buyer_file_2023_02,733.79,27
2023-02-20,acquisition,meta_acquisition_2023_02,1141.2,34
2023-02-21,buyer_file,meta_buyer_file_2023_02,631.93,34
2023-02-21,acquisition,meta_acquisition_2023_02,949.22,29
2023-02-22,buyer_file,meta_buyer_file_2023_02,887.9,18
2023-02-22,acquisition,meta_acquisition_2023_02,1053.15,26
2023-02-23,buyer_file,meta_buyer_file_2023_02,688.81,6
2023-02-23,acquisition,meta_acquisition_2023_02,1385.91,5
2023-02-24,buyer_file,meta_buyer_file_2023_02,852.25,21
2023-02-24,acquisition,meta_acquisition_2023_02,1528.78,29
2023-02-25,buyer_file,meta_buyer_file_2023_02,813.64,27
2023-02-25,acquisition,meta_acquisition_2023_02,1373.98,5
2023-02-26,buyer_file,meta_buyer_file_2023_02,964.57,29
2023-02-26,acquisition,meta_acquisition_2023_02,1360.97,16
2023-02-27,buyer_file,meta_buyer_file_2023_02,1002.64,31
2023-02-27,acquisition,meta_acquisition_2023_02,888.73,38
2023-02-28,buyer_file,meta_buyer_file_2023_02,623.46,31
2023-02-28,acquisition,meta_acquisition_2023_02,1402.89,35
2023-03-01,buyer_file,meta_buyer_file_2023_03,576.21,33
2023-03-01,acquisition,meta_acquisition_2023_03,1475.87,34
2023-03-02,buyer_file,meta_buyer_file_2023_03,770.74,28
2023-03-02,acquisition,meta_acquisition_2023_03,1177.24,18
2023-03-03,buyer_file,meta_buyer_file_2023_03,833.36,31
2023-03-03,acquisition,meta_acquisition_2023_03,943.91,19
2023-03-04,buyer_file,meta_buyer_file_2023_03,798.56,16
2023-03-04,acquisition,meta_acquisition_2023_03,1473.13,33
2023-03-05,buyer_file,meta_buyer_file_2023_03,593.48,10
2023-03-05,acquisition,meta_acquisition_2023_03,879.73,33
2023-03-06,buyer_file,meta_buyer_file_2023_03,924.46,27
2023-03-06,acquisition,meta_acquisition_2023_03,928.71,40
2023-03-07,buyer_file,meta_buyer_file_2023_03,846.6,16
2023-03-07,acquisition,meta_acquisition_2023_03,974.95,7
2023-03-08,buyer_file,meta_buyer_file_2023_03,755.3,15
2023-03-08,acquisition,meta_acquisition_2023_03,1046.94,15
2023-03-09,buyer_file,meta_buyer_file_2023_03,671.28,20
2023-03-09,acquisition,meta_acquisition_2023_03,877.36,14
2023-03-10,buyer_file,meta_buyer_file_2023_03,663.52,19
2023-03-10,acquisition,meta_acquisition_2023_03,1021.61,29
2023-03-11,buyer_file,meta_buyer_file_2023_03,570.83,30
2023-03-11,acquisition,meta_acquisition_2023_03,1426.36,6
2023-03-12,buyer_file,meta_buyer_file_2023_03,960.57,29
2023-03-12,acquisition,meta_acquisition_2023_03,1247.52,21
2023-03-13,buyer_file,meta_buyer_file_2023_03,899.7,5
2023-03-13,acquisition,meta_acquisition_2023_03,1127.16,27
2023-03-14,buyer_file,meta_buyer_file_2023_03,874.1,17
2023-03-14,acquisition,meta_acquisition_2023_03,1085.54,39
2023-03-15,buyer_file,meta_buyer_file_2023_03,982.38,25
2023-03-15,acquisition,meta_acquisition_2023_03,1400.54,24
2023-03-16,buyer_file,meta_buyer_file_2023_03,603.37,37
2023-03-16,acquisition,meta_acquisition_2023_03,1087.42,35
2023-03-17,buyer_file,meta_buyer_file_2023_03,903.39,8
2023-03-17,acquisition,meta_acquisition_2023_03,863.76,29
2023-03-18,buyer_file,meta_buyer_file_2023_03,973.51,21
2023-03-18,acquisition,meta_acquisition_2023_03,1022.74,40
2023-03-19,buyer_file,meta_buyer_file_2023_03,721.44,39
2023-03-19,acquisition,meta_acquisition_2023_03,1184.79,26
2023-03-20,buyer_file,meta_buyer_file_2023_03,677.8,12
2023-03-20,acquisition,meta_acquisition_2023_03,1532.53,38
2023-03-21,buyer_file,meta_buyer_file_2023_03,935.99,21
2023-03-21,acquisition,meta_acquisition_2023_03,960.04,27
2023-03-22,buyer_file,meta_buyer_file_2023_03,1022.28,14
2023-03-22,acquisition,meta_acquisition_2023_03,1221.17,5
2023-03-23,buyer_file,meta_buyer_file_2023_03,715.51,33
2023-03-23,acquisition,meta_acquisition_2023_03,1135.34,24
2023-03-24,buyer_file,meta_buyer_file_2023_03,1025.9,28
2023-03-24,acquisition,meta_acquisition_2023_03,1079.78,6
2023-03-25,buyer_file,meta_buyer_file_2023_03,790.24,32
2023-03-25,acquisition,meta_acquisition_2023_03,1236.47,33
2023-03-26,buyer_file,meta_buyer_file_2023_03,821.29,6
2023-03-26,acquisition,meta_acquisition_2023_03,1328.69,7
2023-03-27,buyer_file,meta_buyer_file_2023_03,669.77,13
2023-03-27,acquisition,meta_acquisition_2023_03,961.52,20
2023-03-28,buyer_file,meta_buyer_file_2023_03,986.1,35
2023-03-28,acquisition,meta_acquisition_2023_03,864.61,10
2023-03-29,buyer_file,meta_buyer_file_2023_03,858.29,25
2023-03-29,acquisition,meta_acquisition_2023_03,1243.33,31
2023-03-30,buyer_file,meta_buyer_file_2023_03,1002.8,13
2023-03-30,acquisition,meta_acquisition_2023_03,1228.76,35
2023-03-31,buyer_file,meta_buyer_file_2023_03,831.61,35
2023-03-31,acquisition,meta_acquisition_2023_03,954.83,38
2023-04-01,buyer_file,meta_buyer_file_2023_04,798.59,9
2023-04-01,acquisition,meta_acquisition_2023_04,1021.15,15
2023-04-02,buyer_file,meta_buyer_file_2023_04,946.67,28
2023-04-02,acquisition,meta_acquisition_2023_04,1413.99,16
2023-04-03,buyer_file,meta_buyer_file_2023_04,836.61,12
2023-04-03,acquisition,meta_acquisition_2023_04,1181.2,30
2023-04-04,buyer_file,meta_buyer_file_2023_04,708.66,12
2023-04-04,acquisition,meta_acquisition_2023_04,1147.52,20
2023-04-05,buyer_file,meta_buyer_file_2023_04,653.46,16
2023-04-05,acquisition,meta_acquisition_2023_04,1230.17,37
2023-04-06,buyer_file,meta_buyer_file_2023_04,563.18,5
2023-04-06,acquisition,meta_acquisition_2023_04,853.96,10
2023-04-07,buyer_file,meta_buyer_file_2023_04,896.76,16
2023-04-07,acquisition,meta_acquisition_2023_04,1219.49,24
2023-04-08,buyer_file,meta_buyer_file_2023_04,722.47,10
2023-04-08,acquisition,meta_acquisition_2023_04,948.05,6
2023-04-09,buyer_file,meta_buyer_file_2023_04,630.63,15
2023-04-09,acquisition,meta_acquisition_2023_04,1366.05,5
2023-04-10,buyer_file,meta_buyer_file_2023_04,599.49,36
2023-04-10,acquisition,meta_acquisition_2023_04,1099.81,28
2023-04-11,buyer_file,meta_buyer_file_2023_04,1014.62,9
2023-04-11,acquisition,meta_acquisition_2023_04,1126.81,38
2023-04-12,buyer_file,meta_buyer_file_2023_04,799.18,13
2023-04-12,acquisition,meta_acquisition_2023_04,1314.15,9
2023-04-13,buyer_file,meta_buyer_file_2023_04,586.67,22
2023-04-13,acquisition,meta_acquisition_2023_04,1132.17,13
2023-04-14,buyer_file,meta_buyer_file_2023_04,979.73,25
2023-04-14,acquisition,meta_acquisition_2023_04,1308.17,6
2023-04-15,buyer_file,meta_buyer_file_2023_04,934.36,27
2023-04-15,acquisition,meta_acquisition_2023_04,963.2,33
2023-04-16,buyer_file,meta_buyer_file_2023_04,681.37,15
2023-04-16,acquisition,meta_acquisition_2023_04,1434.17,19
2023-04-17,buyer_file,meta_buyer_file_2023_04,976.51,30
2023-04-17,acquisition,meta_acquisition_2023_04,879.89,39
2023-04-18,buyer_file,meta_buyer_file_2023_04,996.1,26
2023-04-18,acquisition,meta_acquisition_2023_04,1050.5,39
2023-04-19,buyer_file,meta_buyer_file_2023_04,1007.36,17
2023-04-19,acquisition,meta_acquisition_2023_04,985.2,28
2023-04-20,buyer_file,meta_buyer_file_2023_04,803.69,36
2023-04-20,acquisition,meta_acquisition_2023_04,942.07,20
2023-04-21,buyer_file,meta_buyer_file_2023_04,890.62,18
2023-04-21,acquisition,meta_acquisition_2023_04,1126.49,5
2023-04-22,buyer_file,meta_buyer_file_2023_04,764.6,10
2023-04-22,acquisition,meta_acquisition_2023_04,1462.39,26
2023-04-23,buyer_file,meta_buyer_file_2023_04,773.81,14
2023-04-23,acquisition,meta_acquisition_2023_04,1004.97,30
2023-04-24,buyer_file,meta_buyer_file_2023_04,793.0,22
2023-04-24,acquisition,meta_acquisition_2023_04,1373.9,39
2023-04-25,buyer_file,meta_buyer_file_2023_04,724.28,11
2023-04-25,acquisition,meta_acquisition_2023_04,1287.09,34
2023-04-26,buyer_file,meta_buyer_file_2023_04,563.34,28
2023-04-26,acquisition,meta_acquisition_2023_04,871.89,11
2023-04-27,buyer_file,meta_buyer_file_2023_04,831.44,36
2023-04-27,acquisition,meta_acquisition_2023_04,1278.7,35
2023-04-28,buyer_file,meta_buyer_file_2023_04,881.27,6
2023-04-28,acquisition,meta_acquisition_2023_04,1284.55,27
2023-04-29,buyer_file,meta_buyer_file_2023_04,595.33,13
2023-04-29,acquisition,meta_acquisition_2023_04,873.28,40
2023-04-30,buyer_file,meta_buyer_file_2023_04,634.27,27
2023-04-30,acquisition,meta_acquisition_2023_04,930.96,19
2023-05-01,buyer_file,meta_buyer_file_2023_05,898.42,33
2023-05-01,acquisition,meta_acquisition_2023_05,1446.08,22
2023-05-02,buyer_file,meta_buyer_file_2023_05,836.17,17
2023-05-02,acquisition,meta_acquisition_2023_05,1382.84,26
2023-05-03,buyer_file,meta_buyer_file_2023_05,802.65,11
2023-05-03,acquisition,meta_acquisition_2023_05,1087.44,28
2023-05-04,buyer_file,meta_buyer_file_2023_05,998.95,12
2023-05-04,acquisition,meta_acquisition_2023_05,895.67,18
2023-05-05,buyer_file,meta_buyer_file_2023_05,944.99,33
2023-05-05,acquisition,meta_acquisition_2023_05,899.96,15
2023-05-06,buyer_file,meta_buyer_file_2023_05,1027.33,34
2023-05-06,acquisition,meta_acquisition_2023_05,1080.66,34
2023-05-07,buyer_file,meta_buyer_file_2023_05,705.3,12
2023-05-07,acquisition,meta_acquisition_2023_05,1556.34,24
2023-05-08,buyer_file,meta_buyer_file_2023_05,999.08,24
2023-05-08,acquisition,meta_acquisition_2023_05,1244.13,34
2023-05-09,buyer_file,meta_buyer_file_2023_05,956.83,31
2023-05-09,acquisition,meta_acquisition_2023_05,954.08,13
2023-05-10,buyer_file,meta_buyer_file_2023_05,726.0,10
2023-05-10,acquisition,meta_acquisition_2023_05,1212.33,39
2023-05-11,buyer_file,meta_buyer_file_2023_05,674.11,9
2023-05-11,acquisition,meta_acquisition_2023_05,968.03,35
2023-05-12,buyer_file,meta_buyer_file_2023_05,909.26,20
2023-05-12,acquisition,meta_acquisition_2023_05,1387.0,32
2023-05-13,buyer_file,meta_buyer_file_2023_05,899.97,34
2023-05-13,acquisition,meta_acquisition_2023_05,1185.61,21
2023-05-14,buyer_file,meta_buyer_file_2023_05,702.59,24
2023-05-14,acquisition,meta_acquisition_2023_05,982.24,26
2023-05-15,buyer_file,meta_buyer_file_2023_05,972.77,34
2023-05-15,acquisition,meta_acquisition_2023_05,1213.6,15
2023-05-16,buyer_file,meta_buyer_file_2023_05,849.73,29
2023-05-16,acquisition,meta_acquisition_2023_05,1100.57,12
2023-05-17,buyer_file,meta_buyer_file_2023_05,722.03,30
2023-05-17,acquisition,meta_acquisition_2023_05,1381.93,24
2023-05-18,buyer_file,meta_buyer_file_2023_05,666.94,38
2023-05-18,acquisition,meta_acquisition_2023_05,1463.92,7
2023-05-19,buyer_file,meta_buyer_file_2023_05,960.76,8
2023-05-19,acquisition,meta_acquisition_2023_05,1389.29,19
2023-05-20,buyer_file,meta_buyer_file_2023_05,689.7,39
2023-05-20,acquisition,meta_acquisition_2023_05,1306.04,23
2023-05-21,buyer_file,meta_buyer_file_2023_05,620.17,35
2023-05-21,acquisition,meta_acquisition_2023_05,1258.45,31
2023-05-22,buyer_file,meta_buyer_file_2023_05,1021.28,6
2023-05-22,acquisition,meta_acquisition_2023_05,1359.12,23
2023-05-23,buyer_file,meta_buyer_file_2023_05,564.55,9
2023-05-23,acquisition,meta_acquisition_2023_05,1141.64,27
2023-05-24,buyer_file,meta_buyer_file_2023_05,791.81,35
2023-05-24,acquisition,meta_acquisition_2023_05,1138.94,23
2023-05-25,buyer_file,meta_buyer_file_2023_05,981.91,30
2023-05-25,acquisition,meta_acquisition_2023_05,1115.0,13
2023-05-26,buyer_file,meta_buyer_file_2023_05,620.43,21
2023-05-26,acquisition,meta_acquisition_2023_05,1267.61,7
2023-05-27,buyer_file,meta_buyer_file_2023_05,666.0,19
2023-05-27,acquisition,meta_acquisition_2023_05,878.2,10
2023-05-28,buyer_file,meta_buyer_file_2023_05,904.56,22
2023-05-28,acquisition,meta_acquisition_2023_05,1504.53,8
2023-05-29,buyer_file,meta_buyer_file_2023_05,997.94,26
2023-05-29,acquisition,meta_acquisition_2023_05,946.78,20
2023-05-30,buyer_file,meta_buyer_file_2023_05,612.19,12
2023-05-30,acquisition,meta_acquisition_2023_05,1381.54,16
2023-05-31,buyer_file,meta_buyer_file_2023_05,953.4,30
2023-05-31,acquisition,meta_acquisition_2023_05,1063.73,9
2023-06-01,buyer_file,meta_buyer_file_2023_06,684.14,26
2023-06-01,acquisition,meta_acquisition_2023_06,1143.2,5
2023-06-02,buyer_file,meta_buyer_file_2023_06,981.82,9
2023-06-02,acquisition,meta_acquisition_2023_06,1215.63,13
2023-06-03,buyer_file,meta_buyer_file_2023_06,1000.84,19
2023-06-03,acquisition,meta_acquisition_2023_06,996.55,26
2023-06-04,buyer_file,meta_buyer_file_2023_06,853.19,22
2023-06-04,acquisition,meta_acquisition_2023_06,1162.83,24
2023-06-05,buyer_file,meta_buyer_file_2023_06,638.52,39
2023-06-05,acquisition,meta_acquisition_2023_06,1298.91,25
2023-06-06,buyer_file,meta_buyer_file_2023_06,855.9,31
2023-06-06,acquisition,meta_acquisition_2023_06,1496.35,35
2023-06-07,buyer_file,meta_buyer_file_2023_06,938.01,10
2023-06-07,acquisition,meta_acquisition_2023_06,1547.72,20
2023-06-08,buyer_file,meta_buyer_file_2023_06,974.26,6
2023-06-08,acquisition,meta_acquisition_2023_06,1408.54,15
2023-06-09,buyer_file,meta_buyer_file_2023_06,767.01,15
2023-06-09,acquisition,meta_acquisition_2023_06,1374.06,34
2023-06-10,buyer_file,meta_buyer_file_2023_06,909.73,20
2023-06-10,acquisition,meta_acquisition_2023_06,1129.93,5
2023-06-11,buyer_file,meta_buyer_file_2023_06,580.5,17
2023-06-11,acquisition,meta_acquisition_2023_06,943.14,6
2023-06-12,buyer_file,meta_buyer_file_2023_06,835.83,8
2023-06-12,acquisition,meta_acquisition_2023_06,1151.27,34
2023-06-13,buyer_file,meta_buyer_file_2023_06,755.16,24
2023-06-13,acquisition,meta_acquisition_2023_06,1056.8,33
2023-06-14,buyer_file,meta_buyer_file_2023_06,801.55,20
2023-06-14,acquisition,meta_acquisition_2023_06,1446.26,25
2023-06-15,buyer_file,meta_buyer_file_2023_06,712.69,8
2023-06-15,acquisition,meta_acquisition_2023_06,1354.37,23
2023-06-16,buyer_file,meta_buyer_file_2023_06,644.5,20
2023-06-16,acquisition,meta_acquisition_2023_06,929.96,36
2023-06-17,buyer_file,meta_buyer_file_2023_06,847.37,8
2023-06-17,acquisition,meta_acquisition_2023_06,1368.99,33
2023-06-18,buyer_file,meta_buyer_file_2023_06,1016.18,22
2023-06-18,acquisition,meta_acquisition_2023_06,1521.18,19
2023-06-19,buyer_file,meta_buyer_file_2023_06,858.55,24
2023-06-19,acquisition,meta_acquisition_2023_06,1528.29,30
2023-06-20,buyer_file,meta_buyer_file_2023_06,841.99,22
2023-06-20,acquisition,meta_acquisition_2023_06,1070.01,18
2023-06-21,buyer_file,meta_buyer_file_2023_06,914.88,16
2023-06-21,acquisition,meta_acquisition_2023_06,1409.65,27
2023-06-22,buyer_file,meta_buyer_file_2023_06,643.77,35
2023-06-22,acquisition,meta_acquisition_2023_06,1241.71,19
2023-06-23,buyer_file,meta_buyer_file_2023_06,720.5,17
2023-06-23,acquisition,meta_acquisition_2023_06,1018.65,37
2023-06-24,buyer_file,meta_buyer_file_2023_06,607.33,19
2023-06-24,acquisition,meta_acquisition_2023_06,1017.32,35
2023-06-25,buyer_file,meta_buyer_file_2023_06,671.57,26
2023-06-25,acquisition,meta_acquisition_2023_06,1018.96,18
2023-06-26,buyer_file,meta_buyer_file_2023_06,584.23,19
2023-06-26,acquisition,meta_acquisition_2023_06,1144.63,11
2023-06-27,buyer_file,meta_buyer_file_2023_06,965.66,14
2023-06-27,acquisition,meta_acquisition_2023_06,1051.05,35
2023-06-28,buyer_file,meta_buyer_file_2023_06,1008.03,6
2023-06-28,acquisition,meta_acquisition_2023_06,1296.15,39
2023-06-29,buyer_file,meta_buyer_file_2023_06,739.67,34
2023-06-29,acquisition,meta_acquisition_2023_06,953.24,20
2023-06-30,buyer_file,meta_buyer_file_2023_06,670.47,7
2023-06-30,acquisition,meta_acquisition_2023_06,1073.42,9
2023-07-01,buyer_file,meta_buyer_file_2023_07,751.89,13
2023-07-01,acquisition,meta_acquisition_2023_07,1018.95,13
2023-07-02,buyer_file,meta_buyer_file_2023_07,716.79,6
2023-07-02,acquisition,meta_acquisition_2023_07,1190.98,10
2023-07-03,buyer_file,meta_buyer_file_2023_07,735.51,27
2023-07-03,acquisition,meta_acquisition_2023_07,1073.47,36
2023-07-04,buyer_file,meta_buyer_file_2023_07,585.99,22
2023-07-04,acquisition,meta_acquisition_2023_07,1296.52,8
2023-07-05,buyer_file,meta_buyer_file_2023_07,691.22,14
2023-07-05,acquisition,meta_acquisition_2023_07,1484.66,24
2023-07-06,buyer_file,meta_buyer_file_2023_07,1014.23,30
2023-07-06,acquisition,meta_acquisition_2023_07,1059.99,10
2023-07-07,buyer_file,meta_buyer_file_2023_07,844.99,15
2023-07-07,acquisition,meta_acquisition_2023_07,1107.36,28
2023-07-08,buyer_file,meta_buyer_file_2023_07,970.81,13
2023-07-08,acquisition,meta_acquisition_2023_07,1070.93,37
2023-07-09,buyer_file,meta_buyer_file_2023_07,944.38,7
2023-07-09,acquisition,meta_acquisition_2023_07,1517.79,38
2023-07-10,buyer_file,meta_buyer_file_2023_07,596.18,10
2023-07-10,acquisition,meta_acquisition_2023_07,1448.03,27
2023-07-11,buyer_file,meta_buyer_file_2023_07,993.64,27
2023-07-11,acquisition,meta_acquisition_2023_07,1355.16,19
2023-07-12,buyer_file,meta_buyer_file_2023_07,910.03,24
2023-07-12,acquisition,meta_acquisition_2023_07,1280.09,21
2023-07-13,buyer_file,meta_buyer_file_2023_07,1007.17,9
2023-07-13,acquisition,meta_acquisition_2023_07,1283.86,35
2023-07-14,buyer_file,meta_buyer_file_2023_07,612.84,36
2023-07-14,acquisition,meta_acquisition_2023_07,1457.99,25
2023-07-15,buyer_file,meta_buyer_file_2023_07,731.81,12
2023-07-15,acquisition,meta_acquisition_2023_07,1483.78,30
2023-07-16,buyer_file,meta_buyer_file_2023_07,767.48,19
2023-07-16,acquisition,meta_acquisition_2023_07,965.05,37
2023-07-17,buyer_file,meta_buyer_file_2023_07,863.27,13
2023-07-17,acquisition,meta_acquisition_2023_07,1546.08,31
2023-07-18,buyer_file,meta_buyer_file_2023_07,678.1,32
2023-07-18,acquisition,meta_acquisition_2023_07,926.63,31
2023-07-19,buyer_file,meta_buyer_file_2023_07,624.38,9
2023-07-19,acquisition,meta_acquisition_2023_07,1323.37,39
2023-07-20,buyer_file,meta_buyer_file_2023_07,875.42,32
2023-07-20,acquisition,meta_acquisition_2023_07,1010.96,13
2023-07-21,buyer_file,meta_buyer_file_2023_07,564.44,5
2023-07-21,acquisition,meta_acquisition_2023_07,1169.91,9
2023-07-22,buyer_file,meta_buyer_file_2023_07,710.08,23
2023-07-22,acquisition,meta_acquisition_2023_07,950.77,25
2023-07-23,buyer_file,meta_buyer_file_2023_07,851.41,29
2023-07-23,acquisition,meta_acquisition_2023_07,1200.7,27
2023-07-24,buyer_file,meta_buyer_file_2023_07,880.47,31
2023-07-24,acquisition,meta_acquisition_2023_07,1268.87,34
2023-07-25,buyer_file,meta_buyer_file_2023_07,981.09,24
2023-07-25,acquisition,meta_acquisition_2023_07,976.69,18
2023-07-26,buyer_file,meta_buyer_file_2023_07,892.51,32
2023-07-26,acquisition,meta_acquisition_2023_07,857.26,37
2023-07-27,buyer_file,meta_buyer_file_2023_07,580.18,7
2023-07-27,acquisition,meta_acquisition_2023_07,918.7,10
2023-07-28,buyer_file,meta_buyer_file_2023_07,999.9,31
2023-07-28,acquisition,meta_acquisition_2023_07,1367.57,8
2023-07-29,buyer_file,meta_buyer_file_2023_07,911.69,14
2023-07-29,acquisition,meta_acquisition_2023_07,1189.63,37
2023-07-30,buyer_file,meta_buyer_file_2023_07,811.73,40
2023-07-30,acquisition,meta_acquisition_2023_07,910.68,18
2023-07-31,buyer_file,meta_buyer_file_2023_07,578.37,30
2023-07-31,acquisition,meta_acquisition_2023_07,1312.64,29
2023-08-01,buyer_file,meta_buyer_file_2023_08,1010.37,40
2023-08-01,acquisition,meta_acquisition_2023_08,1216.56,31
2023-08-02,buyer_file,meta_buyer_file_2023_08,1024.1,35
2023-08-02,acquisition,meta_acquisition_2023_08,1349.56,27
2023-08-03,buyer_file,meta_buyer_file_2023_08,602.53,27
2023-08-03,acquisition,meta_acquisition_2023_08,1511.47,7
2023-08-04,buyer_file,meta_buyer_file_2023_08,1036.65,7
2023-08-04,acquisition,meta_acquisition_2023_08,1315.8,29
2023-08-05,buyer_file,meta_buyer_file_2023_08,720.35,30
2023-08-05,acquisition,meta_acquisition_2023_08,1386.3,39
2023-08-06,buyer_file,meta_buyer_file_2023_08,924.16,29
2023-08-06,acquisition,meta_acquisition_2023_08,1184.62,38
2023-08-07,buyer_file,meta_buyer_file_2023_08,576.45,35
2023-08-07,acquisition,meta_acquisition_2023_08,1523.46,36
2023-08-08,buyer_file,meta_buyer_file_2023_08,635.16,5
2023-08-08,acquisition,meta_acquisition_2023_08,1361.28,40
2023-08-09,buyer_file,meta_buyer_file_2023_08,613.88,23
2023-08-09,acquisition,meta_acquisition_2023_08,1162.15,17
2023-08-10,buyer_file,meta_buyer_file_2023_08,779.89,27
2023-08-10,acquisition,meta_acquisition_2023_08,1142.38,6
2023-08-11,buyer_file,meta_buyer_file_2023_08,783.73,19
2023-08-11,acquisition,meta_acquisition_2023_08,1363.55,6
2023-08-12,buyer_file,meta_buyer_file_2023_08,1020.53,19
2023-08-12,acquisition,meta_acquisition_2023_08,875.8,30
2023-08-13,buyer_file,meta_buyer_file_2023_08,849.76,38
2023-08-13,acquisition,meta_acquisition_2023_08,1387.37,28
2023-08-14,buyer_file,meta_buyer_file_2023_08,609.56,21
2023-08-14,acquisition,meta_acquisition_2023_08,1089.61,23
2023-08-15,buyer_file,meta_buyer_file_2023_08,851.63,18
2023-08-15,acquisition,meta_acquisition_2023_08,1136.39,10
2023-08-16,buyer_file,meta_buyer_file_2023_08,684.9,35
2023-08-16,acquisition,meta_acquisition_2023_08,1029.67,7
2023-08-17,buyer_file,meta_buyer_file_2023_08,1013.03,29
2023-08-17,acquisition,meta_acquisition_2023_08,1219.34,31
2023-08-18,buyer_file,meta_buyer_file_2023_08,775.73,9
2023-08-18,acquisition,meta_acquisition_2023_08,1465.25,26
2023-08-19,buyer_file,meta_buyer_file_2023_08,926.17,11
2023-08-19,acquisition,meta_acquisition_2023_08,900.48,24
2023-08-20,buyer_file,meta_buyer_file_2023_08,730.08,7
2023-08-20,acquisition,meta_acquisition_2023_08,1092.79,28
2023-08-21,buyer_file,meta_buyer_file_2023_08,954.09,18
2023-08-21,acquisition,meta_acquisition_2023_08,1557.78,20
2023-08-22,buyer_file,meta_buyer_file_2023_08,1004.54,10
2023-08-22,acquisition,meta_acquisition_2023_08,1202.72,33
2023-08-23,buyer_file,meta_buyer_file_2023_08,660.56,14
2023-08-23,acquisition,meta_acquisition_2023_08,851.71,7
2023-08-24,buyer_file,meta_buyer_file_2023_08,624.66,38
2023-08-24,acquisition,meta_acquisition_2023_08,1441.12,27
2023-08-25,buyer_file,meta_buyer_file_2023_08,765.69,18
2023-08-25,acquisition,meta_acquisition_2023_08,1012.96,35
2023-08-26,buyer_file,meta_buyer_file_2023_08,897.68,35
2023-08-26,acquisition,meta_acquisition_2023_08,1412.11,6
2023-08-27,buyer_file,meta_buyer_file_2023_08,884.96,11
2023-08-27,acquisition,meta_acquisition_2023_08,1112.54,40
2023-08-28,buyer_file,meta_buyer_file_2023_08,790.9,15
2023-08-28,acquisition,meta_acquisition_2023_08,1444.55,11
2023-08-29,buyer_file,meta_buyer_file_2023_08,738.16,40
2023-08-29,acquisition,meta_acquisition_2023_08,1185.95,14
2023-08-30,buyer_file,meta_buyer_file_2023_08,566.06,11
2023-08-30,acquisition,meta_acquisition_2023_08,943.38,8
2023-08-31,buyer_file,meta_buyer_file_2023_08,626.48,28
2023-08-31,acquisition,meta_acquisition_2023_08,1527.82,23
2023-09-01,buyer_file,meta_buyer_file_2023_09,721.77,6
2023-09-01,acquisition,meta_acquisition_2023_09,1313.89,26
2023-09-02,buyer_file,meta_buyer_file_2023_09,701.98,7
2023-09-02,acquisition,meta_acquisition_2023_09,1205.24,7
2023-09-03,buyer_file,meta_buyer_file_2023_09,879.59,40
2023-09-03,acquisition,meta_acquisition_2023_09,1446.91,36
2023-09-04,buyer_file,meta_buyer_file_2023_09,752.7,34
2023-09-04,acquisition,meta_acquisition_2023_09,1010.57,37
2023-09-05,buyer_file,meta_buyer_file_2023_09,789.59,24
2023-09-05,acquisition,meta_acquisition_2023_09,1111.8,30
2023-09-06,buyer_file,meta_buyer_file_2023_09,662.99,17
2023-09-06,acquisition,meta_acquisition_2023_09,1414.8,23
2023-09-07,buyer_file,meta_buyer_file_2023_09,679.39,19
2023-09-07,acquisition,meta_acquisition_2023_09,1396.16,8
2023-09-08,buyer_file,meta_buyer_file_2023_09,573.2,10
2023-09-08,acquisition,meta_acquisition_2023_09,1049.56,25
2023-09-09,buyer_file,meta_buyer_file_2023_09,635.55,24
2023-09-09,acquisition,meta_acquisition_2023_09,1285.29,19
2023-09-10,buyer_file,meta_buyer_file_2023_09,1033.24,36
2023-09-10,acquisition,meta_acquisition_2023_09,1337.98,22
2023-09-11,buyer_file,meta_buyer_file_2023_09,611.05,31
2023-09-11,acquisition,meta_acquisition_2023_09,1066.15,22
2023-09-12,buyer_file,meta_buyer_file_2023_09,758.39,29
2023-09-12,acquisition,meta_acquisition_2023_09,949.87,36
2023-09-13,buyer_file,meta_buyer_file_2023_09,892.73,27
2023-09-13,acquisition,meta_acquisition_2023_09,911.84,29
2023-09-14,buyer_file,meta_buyer_file_2023_09,635.25,26
2023-09-14,acquisition,meta_acquisition_2023_09,951.75,25
2023-09-15,buyer_file,meta_buyer_file_2023_09,863.28,8
2023-09-15,acquisition,meta_acquisition_2023_09,843.01,13
2023-09-16,buyer_file,meta_buyer_file_2023_09,679.91,13
2023-09-16,acquisition,meta_acquisition_2023_09,1001.61,23
2023-09-17,buyer_file,meta_buyer_file_2023_09,578.7,29
2023-09-17,acquisition,meta_acquisition_2023_09,1375.36,33
2023-09-18,buyer_file,meta_buyer_file_2023_09,969.5,11
2023-09-18,acquisition,meta_acquisition_2023_09,972.81,10
2023-09-19,buyer_file,meta_buyer_file_2023_09,876.46,38
2023-09-19,acquisition,meta_acquisition_2023_09,1245.98,7
2023-09-20,buyer_file,meta_buyer_file_2023_09,956.51,11
2023-09-20,acquisition,meta_acquisition_2023_09,1504.58,15
2023-09-21,buyer_file,meta_buyer_file_2023_09,930.66,37
2023-09-21,acquisition,meta_acquisition_2023_09,1475.44,5
2023-09-22,buyer_file,meta_buyer_file_2023_09,721.67,31
2023-09-22,acquisition,meta_acquisition_2023_09,1129.83,7
2023-09-23,buyer_file,meta_buyer_file_2023_09,900.63,12
2023-09-23,acquisition,meta_acquisition_2023_09,1451.86,18
2023-09-24,buyer_file,meta_buyer_file_2023_09,837.98,36
2023-09-24,acquisition,meta_acquisition_2023_09,1219.59,23
2023-09-25,buyer_file,meta_buyer_file_2023_09,930.24,36
2023-09-25,acquisition,meta_acquisition_2023_09,1297.12,7
2023-09-26,buyer_file,meta_buyer_file_2023_09,840.18,29
2023-09-26,acquisition,meta_acquisition_2023_09,1415.75,31
2023-09-27,buyer_file,meta_buyer_file_2023_09,599.79,13
2023-09-27,acquisition,meta_acquisition_2023_09,1181.02,25
2023-09-28,buyer_file,meta_buyer_file_2023_09,957.98,23
2023-09-28,acquisition,meta_acquisition_2023_09,1057.98,14
2023-09-29,buyer_file,meta_buyer_file_2023_09,567.11,15
2023-09-29,acquisition,meta_acquisition_2023_09,1415.46,21
2023-09-30,buyer_file,meta_buyer_file_2023_09,893.16,14
2023-09-30,acquisition,meta_acquisition_2023_09,1020.76,39
2023-10-01,buyer_file,meta_buyer_file_2023_10,961.47,17
2023-10-01,acquisition,meta_acquisition_2023_10,1361.41,20
2023-10-02,buyer_file,meta_buyer_file_2023_10,976.79,20
2023-10-02,acquisition,meta_acquisition_2023_10,1172.66,24
2023-10-03,buyer_file,meta_buyer_file_2023_10,736.16,19
2023-10-03,acquisition,meta_acquisition_2023_10,1518.98,12
2023-10-04,buyer_file,meta_buyer_file_2023_10,998.43,7
2023-10-04,acquisition,meta_acquisition_2023_10,1340.72,29
2023-10-05,buyer_file,meta_buyer_file_2023_10,885.94,12
2023-10-05,acquisition,meta_acquisition_2023_10,1502.46,12
2023-10-06,buyer_file,meta_buyer_file_2023_10,850.06,20
2023-10-06,acquisition,meta_acquisition_2023_10,1322.07,31
2023-10-07,buyer_file,meta_buyer_file_2023_10,563.07,10
2023-10-07,acquisition,meta_acquisition_2023_10,857.65,34
2023-10-08,buyer_file,meta_buyer_file_2023_10,1006.73,10
2023-10-08,acquisition,meta_acquisition_2023_10,1468.82,12
2023-10-09,buyer_file,meta_buyer_file_2023_10,958.79,13
2023-10-09,acquisition,meta_acquisition_2023_10,1368.22,29
2023-10-10,buyer_file,meta_buyer_file_2023_10,1019.08,14
2023-10-10,acquisition,meta_acquisition_2023_10,1479.64,36
2023-10-11,buyer_file,meta_buyer_file_2023_10,756.42,40
2023-10-11,acquisition,meta_acquisition_2023_10,1321.74,18
2023-10-12,buyer_file,meta_buyer_file_2023_10,698.94,7
2023-10-12,acquisition,meta_acquisition_2023_10,998.72,10
2023-10-13,buyer_file,meta_buyer_file_2023_10,694.83,17
2023-10-13,acquisition,meta_acquisition_2023_10,1384.05,38
2023-10-14,buyer_file,meta_buyer_file_2023_10,609.75,40
2023-10-14,acquisition,meta_acquisition_2023_10,1296.11,24
2023-10-15,buyer_file,meta_buyer_file_2023_10,564.66,26
2023-10-15,acquisition,meta_acquisition_2023_10,1503.57,19
2023-10-16,buyer_file,meta_buyer_file_2023_10,635.15,12
2023-10-16,acquisition,meta_acquisition_2023_10,1160.35,5
2023-10-17,buyer_file,meta_buyer_file_2023_10,708.66,33
2023-10-17,acquisition,meta_acquisition_2023_10,867.76,28
2023-10-18,buyer_file,meta_buyer_file_2023_10,758.75,22
2023-10-18,acquisition,meta_acquisition_2023_10,1410.52,29
2023-10-19,buyer_file,meta_buyer_file_2023_10,777.55,23
2023-10-19,acquisition,meta_acquisition_2023_10,1315.62,37
2023-10-20,buyer_file,meta_buyer_file_2023_10,780.21,18
2023-10-20,acquisition,meta_acquisition_2023_10,889.83,17
2023-10-21,buyer_file,meta_buyer_file_2023_10,610.19,27
2023-10-21,acquisition,meta_acquisition_2023_10,1389.31,29
2023-10-22,buyer_file,meta_buyer_file_2023_10,690.45,35
2023-10-22,acquisition,meta_acquisition_2023_10,930.1,14
2023-10-23,buyer_file,meta_buyer_file_2023_10,779.71,35
2023-10-23,acquisition,meta_acquisition_2023_10,1271.74,8
2023-10-24,buyer_file,meta_buyer_file_2023_10,778.4,22
2023-10-24,acquisition,meta_acquisition_2023_10,859.67,18
2023-10-25,buyer_file,meta_buyer_file_2023_10,971.77,33
2023-10-25,acquisition,meta_acquisition_2023_10,1031.18,38
2023-10-26,buyer_file,meta_buyer_file_2023_10,775.89,19
2023-10-26,acquisition,meta_acquisition_2023_10,1017.79,11
2023-10-27,buyer_file,meta_buyer_file_2023_10,899.85,30
2023-10-27,acquisition,meta_acquisition_2023_10,1378.41,23
2023-10-28,buyer_file,meta_buyer_file_2023_10,602.7,30
2023-10-28,acquisition,meta_acquisition_2023_10,1533.7,9
2023-10-29,buyer_file,meta_buyer_file_2023_10,562.07,29
2023-10-29,acquisition,meta_acquisition_2023_10,852.18,15
2023-10-30,buyer_file,meta_buyer_file_2023_10,764.78,33
2023-10-30,acquisition,meta_acquisition_2023_10,1092.43,9
2023-10-31,buyer_file,meta_buyer_file_2023_10,897.36,40
2023-10-31,acquisition,meta_acquisition_2023_10,872.74,36
2023-11-01,buyer_file,meta_buyer_file_2023_11,1004.22,30
2023-11-01,acquisition,meta_acquisition_2023_11,1013.83,7
2023-11-02,buyer_file,meta_buyer_file_2023_11,598.98,39
2023-11-02,acquisition,meta_acquisition_2023_11,1273.84,26
2023-11-03,buyer_file,meta_buyer_file_2023_11,701.75,11
2023-11-03,acquisition,meta_acquisition_2023_11,959.34,19
2023-11-04,buyer_file,meta_buyer_file_2023_11,750.16,29
2023-11-04,acquisition,meta_acquisition_2023_11,1510.34,6
2023-11-05,buyer_file,meta_buyer_file_2023_11,589.49,33
2023-11-05,acquisition,meta_acquisition_2023_11,1049.23,38
2023-11-06,buyer_file,meta_buyer_file_2023_11,752.0,24
2023-11-06,acquisition,meta_acquisition_2023_11,1471.31,29
2023-11-07,buyer_file,meta_buyer_file_2023_11,931.95,38
2023-11-07,acquisition,meta_acquisition_2023_11,1265.48,37
2023-11-08,buyer_file,meta_buyer_file_2023_11,681.12,9
2023-11-08,acquisition,meta_acquisition_2023_11,1176.45,20
2023-11-09,buyer_file,meta_buyer_file_2023_11,754.54,11
2023-11-09,acquisition,meta_acquisition_2023_11,858.25,8
2023-11-10,buyer_file,meta_buyer_file_2023_11,1002.25,34
2023-11-10,acquisition,meta_acquisition_2023_11,1414.51,5
2023-11-11,buyer_file,meta_buyer_file_2023_11,921.68,33
2023-11-11,acquisition,meta_acquisition_2023_11,1190.13,19
2023-11-12,buyer_file,meta_buyer_file_2023_11,873.84,25
2023-11-12,acquisition,meta_acquisition_2023_11,1253.37,24
2023-11-13,buyer_file,meta_buyer_file_2023_11,845.85,17
2023-11-13,acquisition,meta_acquisition_2023_11,1427.43,7
2023-11-14,buyer_file,meta_buyer_file_2023_11,773.19,11
2023-11-14,acquisition,meta_acquisition_2023_11,919.67,9
2023-11-15,buyer_file,meta_buyer_file_2023_11,772.33,32
2023-11-15,acquisition,meta_acquisition_2023_11,1439.15,7
2023-11-16,buyer_file,meta_buyer_file_2023_11,693.46,6
2023-11-16,acquisition,meta_acquisition_2023_11,962.56,10
2023-11-17,buyer_file,meta_buyer_file_2023_11,688.66,23
2023-11-17,acquisition,meta_acquisition_2023_11,902.01,27
2023-11-18,buyer_file,meta_buyer_file_2023_11,720.41,32
2023-11-18,acquisition,meta_acquisition_2023_11,1162.37,19
2023-11-19,buyer_file,meta_buyer_file_2023_11,671.53,38
2023-11-19,acquisition,meta_acquisition_2023_11,1058.19,31
2023-11-20,buyer_file,meta_buyer_file_2023_11,1032.76,26
2023-11-20,acquisition,meta_acquisition_2023_11,1109.3,15
2023-11-21,buyer_file,meta_buyer_file_2023_11,669.83,11
2023-11-21,acquisition,meta_acquisition_2023_11,1185.63,6
2023-11-22,buyer_file,meta_buyer_file_2023_11,952.9,19
2023-11-22,acquisition,meta_acquisition_2023_11,1099.34,5
2023-11-23,buyer_file,meta_buyer_file_2023_11,980.69,8
2023-11-23,acquisition,meta_acquisition_2023_11,1064.0,16
2023-11-24,buyer_file,meta_buyer_file_2023_11,744.67,30
2023-11-24,acquisition,meta_acquisition_2023_11,1545.56,18
2023-11-25,buyer_file,meta_buyer_file_2023_11,905.28,12
2023-11-25,acquisition,meta_acquisition_2023_11,1529.22,35
2023-11-26,buyer_file,meta_buyer_file_2023_11,870.85,34
2023-11-26,acquisition,meta_acquisition_2023_11,1009.46,34
2023-11-27,buyer_file,meta_buyer_file_2023_11,663.9,24
2023-11-27,acquisition,meta_acquisition_2023_11,1389.61,14
2023-11-28,buyer_file,meta_buyer_file_2023_11,691.06,36
2023-11-28,acquisition,meta_acquisition_2023_11,1356.71,14
2023-11-29,buyer_file,meta_buyer_file_2023_11,1005.97,17
2023-11-29,acquisition,meta_acquisition_2023_11,1410.8,40
2023-11-30,buyer_file,meta_buyer_file_2023_11,954.89,38
2023-11-30,acquisition,meta_acquisition_2023_11,1110.8,26
2023-12-01,buyer_file,meta_buyer_file_2023_12,1025.48,20
2023-12-01,acquisition,meta_acquisition_2023_12,1441.63,14
2023-12-02,buyer_file,meta_buyer_file_2023_12,975.56,29
2023-12-02,acquisition,meta_acquisition_2023_12,1238.45,10
2023-12-03,buyer_file,meta_buyer_file_2023_12,685.17,10
2023-12-03,acquisition,meta_acquisition_2023_12,1553.54,20
2023-12-04,buyer_file,meta_buyer_file_2023_12,691.27,17
2023-12-04,acquisition,meta_acquisition_2023_12,1409.54,35
2023-12-05,buyer_file,meta_buyer_file_2023_12,1000.36,29
2023-12-05,acquisition,meta_acquisition_2023_12,1157.03,7
2023-12-06,buyer_file,meta_buyer_file_2023_12,766.6,28
2023-12-06,acquisition,meta_acquisition_2023_12,1101.96,11
2023-12-07,buyer_file,meta_buyer_file_2023_12,789.29,19
2023-12-07,acquisition,meta_acquisition_2023_12,1433.82,34
2023-12-08,buyer_file,meta_buyer_file_2023_12,851.61,12
2023-12-08,acquisition,meta_acquisition_2023_12,1474.2,12
2023-12-09,buyer_file,meta_buyer_file_2023_12,746.52,26
2023-12-09,acquisition,meta_acquisition_2023_12,857.64,40
2023-12-10,buyer_file,meta_buyer_file_2023_12,853.93,28
2023-12-10,acquisition,meta_acquisition_2023_12,1380.08,30
2023-12-11,buyer_file,meta_buyer_file_2023_12,705.08,18
2023-12-11,acquisition,meta_acquisition_2023_12,1430.12,39
2023-12-12,buyer_file,meta_buyer_file_2023_12,893.1,33
2023-12-12,acquisition,meta_acquisition_2023_12,851.21,23
2023-12-13,buyer_file,meta_buyer_file_2023_12,878.06,25
2023-12-13,acquisition,meta_acquisition_2023_12,1099.65,5
2023-12-14,buyer_file,meta_buyer_file_2023_12,966.54,19
2023-12-14,acquisition,meta_acquisition_2023_12,1271.5,20
2023-12-15,buyer_file,meta_buyer_file_2023_12,680.26,13
2023-12-15,acquisition,meta_acquisition_2023_12,1182.31,11
2023-12-16,buyer_file,meta_buyer_file_2023_12,907.66,30
2023-12-16,acquisition,meta_acquisition_2023_12,1126.22,14
2023-12-17,buyer_file,meta_buyer_file_2023_12,733.82,13
2023-12-17,acquisition,meta_acquisition_2023_12,1275.12,8
2023-12-18,buyer_file,meta_buyer_file_2023_12,718.05,16
2023-12-18,acquisition,meta_acquisition_2023_12,1120.39,8
2023-12-19,buyer_file,meta_buyer_file_2023_12,563.4,10
2023-12-19,acquisition,meta_acquisition_2023_12,1404.32,12
2023-12-20,buyer_file,meta_buyer_file_2023_12,880.27,8
2023-12-20,acquisition,meta_acquisition_2023_12,899.88,25
2023-12-21,buyer_file,meta_buyer_file_2023_12,763.58,31
2023-12-21,acquisition,meta_acquisition_2023_12,890.7,34
2023-12-22,buyer_file,meta_buyer_file_2023_12,652.41,21
2023-12-22,acquisition,meta_acquisition_2023_12,1407.2,37
2023-12-23,buyer_file,meta_buyer_file_2023_12,599.31,10
2023-12-23,acquisition,meta_acquisition_2023_12,1455.9,5
2023-12-24,buyer_file,meta_buyer_file_2023_12,582.5,40
2023-12-24,acquisition,meta_acquisition_2023_12,1208.64,17
2023-12-25,buyer_file,meta_buyer_file_2023_12,814.81,24
2023-12-25,acquisition,meta_acquisition_2023_12,1319.53,29
2023-12-26,buyer_file,meta_buyer_file_2023_12,959.46,8
2023-12-26,acquisition,meta_acquisition_2023_12,1390.2,40
2023-12-27,buyer_file,meta_buyer_file_2023_12,969.29,35
2023-12-27,acquisition,meta_acquisition_2023_12,932.06,18
2023-12-28,buyer_file,meta_buyer_file_2023_12,595.32,21
2023-12-28,acquisition,meta_acquisition_2023_12,1319.02,38
2023-12-29,buyer_file,meta_buyer_file_2023_12,619.94,34
2023-12-29,acquisition,meta_acquisition_2023_12,1523.05,20
2023-12-30,buyer_file,meta_buyer_file_2023_12,861.5,31
2023-12-30,acquisition,meta_acquisition_2023_12,1456.38,28
2023-12-31,buyer_file,meta_buyer_file_2023_12,1025.33,31
2023-12-31,acquisition,meta_acquisition_2023_12,890.55,13
2024-01-01,buyer_file,meta_buyer_file_2024_01,620.69,9
2024-01-01,acquisition,meta_acquisition_2024_01,1395.91,38
2024-01-02,buyer_file,meta_buyer_file_2024_01,822.54,13
2024-01-02,acquisition,meta_acquisition_2024_01,855.11,18
2024-01-03,buyer_file,meta_buyer_file_2024_01,920.31,38
2024-01-03,acquisition,meta_acquisition_2024_01,1363.61,30
2024-01-04,buyer_file,meta_buyer_file_2024_01,954.53,12
2024-01-04,acquisition,meta_acquisition_2024_01,1186.1,9
2024-01-05,buyer_file,meta_buyer_file_2024_01,866.28,19
2024-01-05,acquisition,meta_acquisition_2024_01,1436.5,14
2024-01-06,buyer_file,meta_buyer_file_2024_01,651.0,21
2024-01-06,acquisition,meta_acquisition_2024_01,1390.5,32
2024-01-07,buyer_file,meta_buyer_file_2024_01,851.62,32
2024-01-07,acquisition,meta_acquisition_2024_01,1204.85,25
2024-01-08,buyer_file,meta_buyer_file_2024_01,998.27,9
2024-01-08,acquisition,meta_acquisition_2024_01,1137.96,34
2024-01-09,buyer_file,meta_buyer_file_2024_01,768.58,5
2024-01-09,acquisition,meta_acquisition_2024_01,1442.35,14
2024-01-10,buyer_file,meta_buyer_file_2024_01,668.16,9
2024-01-10,acquisition,meta_acquisition_2024_01,1353.37,19
2024-01-11,buyer_file,meta_buyer_file_2024_01,876.12,26
2024-01-11,acquisition,meta_acquisition_2024_01,940.74,39
2024-01-12,buyer_file,meta_buyer_file_2024_01,631.61,30
2024-01-12,acquisition,meta_acquisition_2024_01,1419.63,11
2024-01-13,buyer_file,meta_buyer_file_2024_01,643.91,20
2024-01-13,acquisition,meta_acquisition_2024_01,1171.99,21
2024-01-14,buyer_file,meta_buyer_file_2024_01,850.41,25
2024-01-14,acquisition,meta_acquisition_2024_01,1448.87,15
2024-01-15,buyer_file,meta_buyer_file_2024_01,1009.42,25
2024-01-15,acquisition,meta_acquisition_2024_01,973.21,31
2024-01-16,buyer_file,meta_buyer_file_2024_01,925.57,21
2024-01-16,acquisition,meta_acquisition_2024_01,1056.93,38
2024-01-17,buyer_file,meta_buyer_file_2024_01,693.64,20
2024-01-17,acquisition,meta_acquisition_2024_01,1417.03,32
2024-01-18,buyer_file,meta_buyer_file_2024_01,928.04,39
2024-01-18,acquisition,meta_acquisition_2024_01,1153.2,12
2024-01-19,buyer_file,meta_buyer_file_2024_01,978.61,12
2024-01-19,acquisition,meta_acquisition_2024_01,893.56,19
2024-01-20,buyer_file,meta_buyer_file_2024_01,665.98,32
2024-01-20,acquisition,meta_acquisition_2024_01,1025.4,38
2024-01-21,buyer_file,meta_buyer_file_2024_01,571.77,40
2024-01-21,acquisition,meta_acquisition_2024_01,1199.77,10
2024-01-22,buyer_file,meta_buyer_file_2024_01,963.64,25
2024-01-22,acquisition,meta_acquisition_2024_01,1345.79,8
2024-01-23,buyer_file,meta_buyer_file_2024_01,930.04,29
2024-01-23,acquisition,meta_acquisition_2024_01,1342.99,15
2024-01-24,buyer_file,meta_buyer_file_2024_01,934.4,38
2024-01-24,acquisition,meta_acquisition_2024_01,1184.81,8
2024-01-25,buyer_file,meta_buyer_file_2024_01,642.43,27
2024-01-25,acquisition,meta_acquisition_2024_01,1255.53,14
2024-01-26,buyer_file,meta_buyer_file_2024_01,567.59,22
2024-01-26,acquisition,meta_acquisition_2024_01,1527.26,20
2024-01-27,buyer_file,meta_buyer_file_2024_01,784.62,12
2024-01-27,acquisition,meta_acquisition_2024_01,1136.97,30
2024-01-28,buyer_file,meta_buyer_file_2024_01,749.73,6
2024-01-28,acquisition,meta_acquisition_2024_01,995.78,17
2024-01-29,buyer_file,meta_buyer_file_2024_01,715.52,24
2024-01-29,acquisition,meta_acquisition_2024_01,892.17,5
2024-01-30,buyer_file,meta_buyer_file_2024_01,644.1,25
2024-01-30,acquisition,meta_acquisition_2024_01,1088.18,36
2024-01-31,buyer_file,meta_buyer_file_2024_01,784.84,19
2024-01-31,acquisition,meta_acquisition_2024_01,1359.47,17
2024-02-01,buyer_file,meta_buyer_file_2024_02,848.79,27
2024-02-01,acquisition,meta_acquisition_2024_02,1543.26,25
2024-02-02,buyer_file,meta_buyer_file_2024_02,926.55,9
2024-02-02,acquisition,meta_acquisition_2024_02,1246.31,14
2024-02-03,buyer_file,meta_buyer_file_2024_02,682.33,33
2024-02-03,acquisition,meta_acquisition_2024_02,1033.99,10
2024-02-04,buyer_file,meta_buyer_file_2024_02,595.28,35
2024-02-04,acquisition,meta_acquisition_2024_02,1326.3,30
2024-02-05,buyer_file,meta_buyer_file_2024_02,1022.32,34
2024-02-05,acquisition,meta_acquisition_2024_02,848.53,38
2024-02-06,buyer_file,meta_buyer_file_2024_02,764.33,27
2024-02-06,acquisition,meta_acquisition_2024_02,1122.92,34
2024-02-07,buyer_file,meta_buyer_file_2024_02,974.17,11
2024-02-07,acquisition,meta_acquisition_2024_02,914.46,28
2024-02-08,buyer_file,meta_buyer_file_2024_02,1015.08,23
2024-02-08,acquisition,meta_acquisition_2024_02,1365.8,15
2024-02-09,buyer_file,meta_buyer_file_2024_02,658.54,6
2024-02-09,acquisition,meta_acquisition_2024_02,1413.47,39
2024-02-10,buyer_file,meta_buyer_file_2024_02,580.62,30
2024-02-10,acquisition,meta_acquisition_2024_02,1528.49,7
2024-02-11,buyer_file,meta_buyer_file_2024_02,916.7,37
2024-02-11,acquisition,meta_acquisition_2024_02,1343.59,15
2024-02-12,buyer_file,meta_buyer_file_2024_02,861.57,40
2024-02-12,acquisition,meta_acquisition_2024_02,940.31,34
2024-02-13,buyer_file,meta_buyer_file_2024_02,667.12,15
2024-02-13,acquisition,meta_acquisition_2024_02,1415.55,7
2024-02-14,buyer_file,meta_buyer_file_2024_02,986.23,38
2024-02-14,acquisition,meta_acquisition_2024_02,1217.83,10
2024-02-15,buyer_file,meta_buyer_file_2024_02,642.45,33
2024-02-15,acquisition,meta_acquisition_2024_02,1005.26,32
2024-02-16,buyer_file,meta_buyer_file_2024_02,1031.16,23
2024-02-16,acquisition,meta_acquisition_2024_02,1232.23,14
2024-02-17,buyer_file,meta_buyer_file_2024_02,648.27,35
2024-02-17,acquisition,meta_acquisition_2024_02,936.29,9
2024-02-18,buyer_file,meta_buyer_file_2024_02,856.25,6
2024-02-18,acquisition,meta_acquisition_2024_02,1236.3,13
2024-02-19,buyer_file,meta_buyer_file_2024_02,821.49,21
2024-02-19,acquisition,meta_acquisition_2024_02,1437.32,9
2024-02-20,buyer_file,meta_buyer_file_2024_02,769.69,15
2024-02-20,acquisition,meta_acquisition_2024_02,1192.84,32
2024-02-21,buyer_file,meta_buyer_file_2024_02,925.78,18
2024-02-21,acquisition,meta_acquisition_2024_02,1293.05,25
2024-02-22,buyer_file,meta_buyer_file_2024_02,591.79,25
2024-02-22,acquisition,meta_acquisition_2024_02,1094.51,10
2024-02-23,buyer_file,meta_buyer_file_2024_02,888.53,6
2024-02-23,acquisition,meta_acquisition_2024_02,853.19,28
2024-02-24,buyer_file,meta_buyer_file_2024_02,984.8,7
2024-02-24,acquisition,meta_acquisition_2024_02,1209.55,24
2024-02-25,buyer_file,meta_buyer_file_2024_02,890.55,21
2024-02-25,acquisition,meta_acquisition_2024_02,1351.2,13
2024-02-26,buyer_file,meta_buyer_file_2024_02,766.05,16
2024-02-26,acquisition,meta_acquisition_2024_02,989.75,8
2024-02-27,buyer_file,meta_buyer_file_2024_02,566.18,31
2024-02-27,acquisition,meta_acquisition_2024_02,847.73,33
2024-02-28,buyer_file,meta_buyer_file_2024_02,624.63,20
2024-02-28,acquisition,meta_acquisition_2024_02,1072.01,14
2024-02-29,buyer_file,meta_buyer_file_2024_02,917.99,38
2024-02-29,acquisition,meta_acquisition_2024_02,1006.26,17
2024-03-01,buyer_file,meta_buyer_file_2024_03,881.44,14
2024-03-01,acquisition,meta_acquisition_2024_03,1471.55,22
2024-03-02,buyer_file,meta_buyer_file_2024_03,654.8,34
2024-03-02,acquisition,meta_acquisition_2024_03,1078.24,18
2024-03-03,buyer_file,meta_buyer_file_2024_03,835.67,32
2024-03-03,acquisition,meta_acquisition_2024_03,1392.61,14
2024-03-04,buyer_file,meta_buyer_file_2024_03,967.72,40
2024-03-04,acquisition,meta_acquisition_2024_03,861.7,12
2024-03-05,buyer_file,meta_buyer_file_2024_03,978.18,30
2024-03-05,acquisition,meta_acquisition_2024_03,999.2,32
2024-03-06,buyer_file,meta_buyer_file_2024_03,963.31,32
2024-03-06,acquisition,meta_acquisition_2024_03,1280.8,40
2024-03-07,buyer_file,meta_buyer_file_2024_03,786.2,24
2024-03-07,acquisition,meta_acquisition_2024_03,846.66,18
2024-03-08,buyer_file,meta_buyer_file_2024_03,971.9,21
2024-03-08,acquisition,meta_acquisition_2024_03,1109.15,21
2024-03-09,buyer_file,meta_buyer_file_2024_03,590.85,6
2024-03-09,acquisition,meta_acquisition_2024_03,1120.47,32
2024-03-10,buyer_file,meta_buyer_file_2024_03,747.66,34
2024-03-10,acquisition,meta_acquisition_2024_03,843.08,39
2024-03-11,buyer_file,meta_buyer_file_2024_03,697.95,26
2024-03-11,acquisition,meta_acquisition_2024_03,1237.67,11
2024-03-12,buyer_file,meta_buyer_file_2024_03,718.01,11
2024-03-12,acquisition,meta_acquisition_2024_03,1192.66,24
2024-03-13,buyer_file,meta_buyer_file_2024_03,628.5,31
2024-03-13,acquisition,meta_acquisition_2024_03,1437.7,15
2024-03-14,buyer_file,meta_buyer_file_2024_03,807.55,13
2024-03-14,acquisition,meta_acquisition_2024_03,1052.92,12
2024-03-15,buyer_file,meta_buyer_file_2024_03,732.16,25
2024-03-15,acquisition,meta_acquisition_2024_03,1429.04,31
2024-03-16,buyer_file,meta_buyer_file_2024_03,855.33,31
2024-03-16,acquisition,meta_acquisition_2024_03,911.08,17
2024-03-17,buyer_file,meta_buyer_file_2024_03,618.64,15
2024-03-17,acquisition,meta_acquisition_2024_03,1350.01,28
2024-03-18,buyer_file,meta_buyer_file_2024_03,636.7,20
2024-03-18,acquisition,meta_acquisition_2024_03,1341.35,13
2024-03-19,buyer_file,meta_buyer_file_2024_03,877.12,40
2024-03-19,acquisition,meta_acquisition_2024_03,1513.52,25
2024-03-20,buyer_file,meta_buyer_file_2024_03,801.54,40
2024-03-20,acquisition,meta_acquisition_2024_03,979.04,34
2024-03-21,buyer_file,meta_buyer_file_2024_03,871.0,24
2024-03-21,acquisition,meta_acquisition_2024_03,1009.21,22
2024-03-22,buyer_file,meta_buyer_file_2024_03,915.28,24
2024-03-22,acquisition,meta_acquisition_2024_03,1197.8,30
2024-03-23,buyer_file,meta_buyer_file_2024_03,643.69,26
2024-03-23,acquisition,meta_acquisition_2024_03,1377.23,17
2024-03-24,buyer_file,meta_buyer_file_2024_03,845.99,7
2024-03-24,acquisition,meta_acquisition_2024_03,1395.54,10
2024-03-25,buyer_file,meta_buyer_file_2024_03,615.59,26
2024-03-25,acquisition,meta_acquisition_2024_03,1398.93,25
2024-03-26,buyer_file,meta_buyer_file_2024_03,713.28,32
2024-03-26,acquisition,meta_acquisition_2024_03,1441.07,34
2024-03-27,buyer_file,meta_buyer_file_2024_03,773.75,39
2024-03-27,acquisition,meta_acquisition_2024_03,1237.56,16
2024-03-28,buyer_file,meta_buyer_file_2024_03,752.9,19
2024-03-28,acquisition,meta_acquisition_2024_03,899.37,33
2024-03-29,buyer_file,meta_buyer_file_2024_03,692.65,6
2024-03-29,acquisition,meta_acquisition_2024_03,1537.95,6
2024-03-30,buyer_file,meta_buyer_file_2024_03,682.27,27
2024-03-30,acquisition,meta_acquisition_2024_03,1417.69,39
2024-03-31,buyer_file,meta_buyer_file_2024_03,987.63,37
2024-03-31,acquisition,meta_acquisition_2024_03,845.04,35
2024-04-01,buyer_file,meta_buyer_file_2024_04,616.51,39
2024-04-01,acquisition,meta_acquisition_2024_04,1150.87,24
2024-04-02,buyer_file,meta_buyer_file_2024_04,956.87,13
2024-04-02,acquisition,meta_acquisition_2024_04,968.23,19
2024-04-03,buyer_file,meta_buyer_file_2024_04,736.63,26
2024-04-03,acquisition,meta_acquisition_2024_04,1530.93,23
2024-04-04,buyer_file,meta_buyer_file_2024_04,877.16,28
2024-04-04,acquisition,meta_acquisition_2024_04,1269.31,16
2024-04-05,buyer_file,meta_buyer_file_2024_04,581.69,27
2024-04-05,acquisition,meta_acquisition_2024_04,1245.74,33
2024-04-06,buyer_file,meta_buyer_file_2024_04,714.16,36
2024-04-06,acquisition,meta_acquisition_2024_04,1271.7,10
2024-04-07,buyer_file,meta_buyer_file_2024_04,611.35,17
2024-04-07,acquisition,meta_acquisition_2024_04,1405.38,40
2024-04-08,buyer_file,meta_buyer_file_2024_04,667.28,24
2024-04-08,acquisition,meta_acquisition_2024_04,1386.19,34
2024-04-09,buyer_file,meta_buyer_file_2024_04,757.61,14
2024-04-09,acquisition,meta_acquisition_2024_04,1158.35,21
2024-04-10,buyer_file,meta_buyer_file_2024_04,716.07,11
2024-04-10,acquisition,meta_acquisition_2024_04,903.19,29
2024-04-11,buyer_file,meta_buyer_file_2024_04,560.27,27
2024-04-11,acquisition,meta_acquisition_2024_04,1536.95,34
2024-04-12,buyer_file,meta_buyer_file_2024_04,997.55,7
2024-04-12,acquisition,meta_acquisition_2024_04,1414.55,11
2024-04-13,buyer_file,meta_buyer_file_2024_04,981.53,15
2024-04-13,acquisition,meta_acquisition_2024_04,970.7,18
2024-04-14,buyer_file,meta_buyer_file_2024_04,656.68,38
2024-04-14,acquisition,meta_acquisition_2024_04,1268.48,29
2024-04-15,buyer_file,meta_buyer_file_2024_04,589.18,37
2024-04-15,acquisition,meta_acquisition_2024_04,980.95,34
2024-04-16,buyer_file,meta_buyer_file_2024_04,767.66,9
2024-04-16,acquisition,meta_acquisition_2024_04,933.53,37
2024-04-17,buyer_file,meta_buyer_file_2024_04,865.1,38
2024-04-17,acquisition,meta_acquisition_2024_04,1262.43,19
2024-04-18,buyer_file,meta_buyer_file_2024_04,563.38,36
2024-04-18,acquisition,meta_acquisition_2024_04,1042.15,11
2024-04-19,buyer_file,meta_buyer_file_2024_04,915.43,20
2024-04-19,acquisition,meta_acquisition_2024_04,1365.98,35
2024-04-20,buyer_file,meta_buyer_file_2024_04,837.11,13
2024-04-20,acquisition,meta_acquisition_2024_04,1175.91,26
2024-04-21,buyer_file,meta_buyer_file_2024_04,894.05,8
2024-04-21,acquisition,meta_acquisition_2024_04,1496.9,19
2024-04-22,buyer_file,meta_buyer_file_2024_04,661.4,36
2024-04-22,acquisition,meta_acquisition_2024_04,1378.68,38
2024-04-23,buyer_file,meta_buyer_file_2024_04,884.78,14
2024-04-23,acquisition,meta_acquisition_2024_04,1209.62,40
2024-04-24,buyer_file,meta_buyer_file_2024_04,973.17,37
2024-04-24,acquisition,meta_acquisition_2024_04,1125.53,11
2024-04-25,buyer_file,meta_buyer_file_2024_04,822.13,21
2024-04-25,acquisition,meta_acquisition_2024_04,1398.68,34
2024-04-26,buyer_file,meta_buyer_file_2024_04,750.04,20
2024-04-26,acquisition,meta_acquisition_2024_04,876.83,5
2024-04-27,buyer_file,meta_buyer_file_2024_04,869.62,35
2024-04-27,acquisition,meta_acquisition_2024_04,1010.79,23
2024-04-28,buyer_file,meta_buyer_file_2024_04,855.43,24
2024-04-28,acquisition,meta_acquisition_2024_04,1402.92,25
2024-04-29,buyer_file,meta_buyer_file_2024_04,782.03,21
2024-04-29,acquisition,meta_acquisition_2024_04,1466.07,24
2024-04-30,buyer_file,meta_buyer_file_2024_04,693.01,7
2024-04-30,acquisition,meta_acquisition_2024_04,1165.37,15
2024-05-01,buyer_file,meta_buyer_file_2024_05,917.03,13
2024-05-01,acquisition,meta_acquisition_2024_05,1117.63,26
2024-05-02,buyer_file,meta_buyer_file_2024_05,696.71,19
2024-05-02,acquisition,meta_acquisition_2024_05,1054.36,33
2024-05-03,buyer_file,meta_buyer_file_2024_05,958.57,11
2024-05-03,acquisition,meta_acquisition_2024_05,1336.35,6
2024-05-04,buyer_file,meta_buyer_file_2024_05,1009.61,21
2024-05-04,acquisition,meta_acquisition_2024_05,1019.63,37
2024-05-05,buyer_file,meta_buyer_file_2024_05,660.46,38
2024-05-05,acquisition,meta_acquisition_2024_05,1077.16,8
2024-05-06,buyer_file,meta_buyer_file_2024_05,781.79,32
2024-05-06,acquisition,meta_acquisition_2024_05,1101.99,25
2024-05-07,buyer_file,meta_buyer_file_2024_05,776.21,19
2024-05-07,acquisition,meta_acquisition_2024_05,1503.79,36
2024-05-08,buyer_file,meta_buyer_file_2024_05,718.34,40
2024-05-08,acquisition,meta_acquisition_2024_05,891.87,35
2024-05-09,buyer_file,meta_buyer_file_2024_05,812.6,18
2024-05-09,acquisition,meta_acquisition_2024_05,1553.51,7
2024-05-10,buyer_file,meta_buyer_file_2024_05,794.63,18
2024-05-10,acquisition,meta_acquisition_2024_05,880.89,33
2024-05-11,buyer_file,meta_buyer_file_2024_05,873.03,11
2024-05-11,acquisition,meta_acquisition_2024_05,1420.59,34
2024-05-12,buyer_file,meta_buyer_file_2024_05,783.53,29
2024-05-12,acquisition,meta_acquisition_2024_05,907.62,17
2024-05-13,buyer_file,meta_buyer_file_2024_05,711.83,6
2024-05-13,acquisition,meta_acquisition_2024_05,1302.18,5
2024-05-14,buyer_file,meta_buyer_file_2024_05,796.13,39
2024-05-14,acquisition,meta_acquisition_2024_05,996.9,15
2024-05-15,buyer_file,meta_buyer_file_2024_05,631.33,17
2024-05-15,acquisition,meta_acquisition_2024_05,1355.16,37
2024-05-16,buyer_file,meta_buyer_file_2024_05,714.34,5
2024-05-16,acquisition,meta_acquisition_2024_05,1010.13,17
2024-05-17,buyer_file,meta_buyer_file_2024_05,756.22,26
2024-05-17,acquisition,meta_acquisition_2024_05,933.53,40
2024-05-18,buyer_file,meta_buyer_file_2024_05,719.85,7
2024-05-18,acquisition,meta_acquisition_2024_05,1364.19,19
2024-05-19,buyer_file,meta_buyer_file_2024_05,601.76,13
2024-05-19,acquisition,meta_acquisition_2024_05,1509.38,30
2024-05-20,buyer_file,meta_buyer_file_2024_05,711.23,15
2024-05-20,acquisition,meta_acquisition_2024_05,1170.19,25
2024-05-21,buyer_file,meta_buyer_file_2024_05,893.29,26
2024-05-21,acquisition,meta_acquisition_2024_05,1422.38,23
2024-05-22,buyer_file,meta_buyer_file_2024_05,859.07,14
2024-05-22,acquisition,meta_acquisition_2024_05,1028.99,8
2024-05-23,buyer_file,meta_buyer_file_2024_05,650.42,13
2024-05-23,acquisition,meta_acquisition_2024_05,1016.88,35
2024-05-24,buyer_file,meta_buyer_file_2024_05,793.9,23
2024-05-24,acquisition,meta_acquisition_2024_05,1145.19,26
2024-05-25,buyer_file,meta_buyer_file_2024_05,985.39,20
2024-05-25,acquisition,meta_acquisition_2024_05,1351.46,25
2024-05-26,buyer_file,meta_buyer_file_2024_05,736.71,33
2024-05-26,acquisition,meta_acquisition_2024_05,1550.42,7
2024-05-27,buyer_file,meta_buyer_file_2024_05,998.36,14
2024-05-27,acquisition,meta_acquisition_2024_05,866.46,31
2024-05-28,buyer_file,meta_buyer_file_2024_05,614.5,21
2024-05-28,acquisition,meta_acquisition_2024_05,893.02,31
2024-05-29,buyer_file,meta_buyer_file_2024_05,1027.7,21
2024-05-29,acquisition,meta_acquisition_2024_05,1514.65,28
2024-05-30,buyer_file,meta_buyer_file_2024_05,830.53,35
2024-05-30,acquisition,meta_acquisition_2024_05,1415.42,12
2024-05-31,buyer_file,meta_buyer_file_2024_05,927.67,11
2024-05-31,acquisition,meta_acquisition_2024_05,1236.73,20
2024-06-01,buyer_file,meta_buyer_file_2024_06,1005.04,10
2024-06-01,acquisition,meta_acquisition_2024_06,1528.72,14
2024-06-02,buyer_file,meta_buyer_file_2024_06,789.25,5
2024-06-02,acquisition,meta_acquisition_2024_06,1446.77,25
2024-06-03,buyer_file,meta_buyer_file_2024_06,574.24,30
2024-06-03,acquisition,meta_acquisition_2024_06,914.42,14
2024-06-04,buyer_file,meta_buyer_file_2024_06,641.05,14
2024-06-04,acquisition,meta_acquisition_2024_06,1492.57,39
2024-06-05,buyer_file,meta_buyer_file_2024_06,871.57,6
2024-06-05,acquisition,meta_acquisition_2024_06,1102.57,23
2024-06-06,buyer_file,meta_buyer_file_2024_06,695.98,40
2024-06-06,acquisition,meta_acquisition_2024_06,1340.38,20
2024-06-07,buyer_file,meta_buyer_file_2024_06,882.17,21
2024-06-07,acquisition,meta_acquisition_2024_06,1107.1,25
2024-06-08,buyer_file,meta_buyer_file_2024_06,949.41,26
2024-06-08,acquisition,meta_acquisition_2024_06,1258.06,8
2024-06-09,buyer_file,meta_buyer_file_2024_06,620.51,31
2024-06-09,acquisition,meta_acquisition_2024_06,992.82,26
2024-06-10,buyer_file,meta_buyer_file_2024_06,765.78,36
2024-06-10,acquisition,meta_acquisition_2024_06,1198.86,39
2024-06-11,buyer_file,meta_buyer_file_2024_06,850.74,24
2024-06-11,acquisition,meta_acquisition_2024_06,1504.51,18
2024-06-12,buyer_file,meta_buyer_file_2024_06,671.4,13
2024-06-12,acquisition,meta_acquisition_2024_06,1191.47,17
2024-06-13,buyer_file,meta_buyer_file_2024_06,836.75,8
2024-06-13,acquisition,meta_acquisition_2024_06,1029.25,31
2024-06-14,buyer_file,meta_buyer_file_2024_06,576.98,38
2024-06-14,acquisition,meta_acquisition_2024_06,968.12,20
2024-06-15,buyer_file,meta_buyer_file_2024_06,752.15,29
2024-06-15,acquisition,meta_acquisition_2024_06,1359.03,14
2024-06-16,buyer_file,meta_buyer_file_2024_06,1015.06,32
2024-06-16,acquisition,meta_acquisition_2024_06,1480.65,6
2024-06-17,buyer_file,meta_buyer_file_2024_06,648.2,16
2024-06-17,acquisition,meta_acquisition_2024_06,947.76,33
2024-06-18,buyer_file,meta_buyer_file_2024_06,739.77,26
2024-06-18,acquisition,meta_acquisition_2024_06,1327.1,30
2024-06-19,buyer_file,meta_buyer_file_2024_06,610.01,7
2024-06-19,acquisition,meta_acquisition_2024_06,1150.8,34
2024-06-20,buyer_file,meta_buyer_file_2024_06,571.4,9
2024-06-20,acquisition,meta_acquisition_2024_06,1528.45,11
2024-06-21,buyer_file,meta_buyer_file_2024_06,642.87,8
2024-06-21,acquisition,meta_acquisition_2024_06,989.19,18
2024-06-22,buyer_file,meta_buyer_file_2024_06,681.37,7
2024-06-22,acquisition,meta_acquisition_2024_06,1169.11,35
2024-06-23,buyer_file,meta_buyer_file_2024_06,989.14,12
2024-06-23,acquisition,meta_acquisition_2024_06,1115.32,9
2024-06-24,buyer_file,meta_buyer_file_2024_06,824.59,17
2024-06-24,acquisition,meta_acquisition_2024_06,1333.82,19
2024-06-25,buyer_file,meta_buyer_file_2024_06,842.32,9
2024-06-25,acquisition,meta_acquisition_2024_06,1373.26,15
2024-06-26,buyer_file,meta_buyer_file_2024_06,837.44,29
2024-06-26,acquisition,meta_acquisition_2024_06,1403.9,14
2024-06-27,buyer_file,meta_buyer_file_2024_06,613.99,26
2024-06-27,acquisition,meta_acquisition_2024_06,1001.52,35
2024-06-28,buyer_file,meta_buyer_file_2024_06,600.82,16
2024-06-28,acquisition,meta_acquisition_2024_06,1502.14,7
2024-06-29,buyer_file,meta_buyer_file_2024_06,975.63,40
2024-06-29,acquisition,meta_acquisition_2024_06,930.66,14
2024-06-30,buyer_file,meta_buyer_file_2024_06,805.24,34
2024-06-30,acquisition,meta_acquisition_2024_06,1160.02,22
2024-07-01,buyer_file,meta_buyer_file_2024_07,647.28,8
2024-07-01,acquisition,meta_acquisition_2024_07,1067.2,40
2024-07-02,buyer_file,meta_buyer_file_2024_07,715.59,39
2024-07-02,acquisition,meta_acquisition_2024_07,1225.52,33
2024-07-03,buyer_file,meta_buyer_file_2024_07,938.86,40
2024-07-03,acquisition,meta_acquisition_2024_07,1512.14,8
2024-07-04,buyer_file,meta_buyer_file_2024_07,752.11,14
2024-07-04,acquisition,meta_acquisition_2024_07,954.32,38
2024-07-05,buyer_file,meta_buyer_file_2024_07,958.69,6
2024-07-05,acquisition,meta_acquisition_2024_07,1531.19,15
2024-07-06,buyer_file,meta_buyer_file_2024_07,762.27,40
2024-07-06,acquisition,meta_acquisition_2024_07,878.17,23
2024-07-07,buyer_file,meta_buyer_file_2024_07,684.17,31
2024-07-07,acquisition,meta_acquisition_2024_07,1103.29,25
2024-07-08,buyer_file,meta_buyer_file_2024_07,625.93,22
2024-07-08,acquisition,meta_acquisition_2024_07,1193.57,5
2024-07-09,buyer_file,meta_buyer_file_2024_07,965.43,31
2024-07-09,acquisition,meta_acquisition_2024_07,1429.3,6
2024-07-10,buyer_file,meta_buyer_file_2024_07,870.43,21
2024-07-10,acquisition,meta_acquisition_2024_07,1156.77,21
2024-07-11,buyer_file,meta_buyer_file_2024_07,1000.07,26
2024-07-11,acquisition,meta_acquisition_2024_07,967.36,34
2024-07-12,buyer_file,meta_buyer_file_2024_07,664.41,40
2024-07-12,acquisition,meta_acquisition_2024_07,1175.36,21
2024-07-13,buyer_file,meta_buyer_file_2024_07,785.25,40
2024-07-13,acquisition,meta_acquisition_2024_07,1492.42,21
2024-07-14,buyer_file,meta_buyer_file_2024_07,566.77,5
2024-07-14,acquisition,meta_acquisition_2024_07,1423.53,22
2024-07-15,buyer_file,meta_buyer_file_2024_07,759.96,35
2024-07-15,acquisition,meta_acquisition_2024_07,1177.03,8
2024-07-16,buyer_file,meta_buyer_file_2024_07,1037.12,10
2024-07-16,acquisition,meta_acquisition_2024_07,942.44,37
2024-07-17,buyer_file,meta_buyer_file_2024_07,800.06,34
2024-07-17,acquisition,meta_acquisition_2024_07,1526.52,14
2024-07-18,buyer_file,meta_buyer_file_2024_07,821.96,14
2024-07-18,acquisition,meta_acquisition_2024_07,1127.2,8
2024-07-19,buyer_file,meta_buyer_file_2024_07,941.87,13
2024-07-19,acquisition,meta_acquisition_2024_07,1209.11,14
2024-07-20,buyer_file,meta_buyer_file_2024_07,988.92,9
2024-07-20,acquisition,meta_acquisition_2024_07,1349.36,29
2024-07-21,buyer_file,meta_buyer_file_2024_07,683.44,33
2024-07-21,acquisition,meta_acquisition_2024_07,859.33,26
2024-07-22,buyer_file,meta_buyer_file_2024_07,654.02,36
2024-07-22,acquisition,meta_acquisition_2024_07,893.66,38
2024-07-23,buyer_file,meta_buyer_file_2024_07,1011.92,7
2024-07-23,acquisition,meta_acquisition_2024_07,1080.98,30
2024-07-24,buyer_file,meta_buyer_file_2024_07,820.52,5
2024-07-24,acquisition,meta_acquisition_2024_07,1412.33,9
2024-07-25,buyer_file,meta_buyer_file_2024_07,891.19,30
2024-07-25,acquisition,meta_acquisition_2024_07,1112.16,35
2024-07-26,buyer_file,meta_buyer_file_2024_07,1025.32,28
2024-07-26,acquisition,meta_acquisition_2024_07,1297.9,14
2024-07-27,buyer_file,meta_buyer_file_2024_07,783.78,38
2024-07-27,acquisition,meta_acquisition_2024_07,977.45,12
2024-07-28,buyer_file,meta_buyer_file_2024_07,982.46,21
2024-07-28,acquisition,meta_acquisition_2024_07,936.15,28
2024-07-29,buyer_file,meta_buyer_file_2024_07,674.35,28
2024-07-29,acquisition,meta_acquisition_2024_07,1324.02,22
2024-07-30,buyer_file,meta_buyer_file_2024_07,599.94,30
2024-07-30,acquisition,meta_acquisition_2024_07,1410.1,10
2024-07-31,buyer_file,meta_buyer_file_2024_07,836.86,10
2024-07-31,acquisition,meta_acquisition_2024_07,1543.51,40
2024-08-01,buyer_file,meta_buyer_file_2024_08,886.84,40
2024-08-01,acquisition,meta_acquisition_2024_08,854.2,33
2024-08-02,buyer_file,meta_buyer_file_2024_08,561.33,12
2024-08-02,acquisition,meta_acquisition_2024_08,1179.32,37
2024-08-03,buyer_file,meta_buyer_file_2024_08,934.13,30
2024-08-03,acquisition,meta_acquisition_2024_08,1189.85,11
2024-08-04,buyer_file,meta_buyer_file_2024_08,736.17,7
2024-08-04,acquisition,meta_acquisition_2024_08,1185.27,11
2024-08-05,buyer_file,meta_buyer_file_2024_08,907.77,8
2024-08-05,acquisition,meta_acquisition_2024_08,1179.33,23
2024-08-06,buyer_file,meta_buyer_file_2024_08,587.94,19
2024-08-06,acquisition,meta_acquisition_2024_08,1001.95,40
2024-08-07,buyer_file,meta_buyer_file_2024_08,837.91,33
2024-08-07,acquisition,meta_acquisition_2024_08,1269.91,33
2024-08-08,buyer_file,meta_buyer_file_2024_08,895.71,23
2024-08-08,acquisition,meta_acquisition_2024_08,1136.84,8
2024-08-09,buyer_file,meta_buyer_file_2024_08,717.21,9
2024-08-09,acquisition,meta_acquisition_2024_08,905.95,5
2024-08-10,buyer_file,meta_buyer_file_2024_08,584.6,35
2024-08-10,acquisition,meta_acquisition_2024_08,876.72,11
2024-08-11,buyer_file,meta_buyer_file_2024_08,798.25,28
2024-08-11,acquisition,meta_acquisition_2024_08,860.22,16
2024-08-12,buyer_file,meta_buyer_file_2024_08,565.67,8
2024-08-12,acquisition,meta_acquisition_2024_08,946.99,23
2024-08-13,buyer_file,meta_buyer_file_2024_08,831.37,15
2024-08-13,acquisition,meta_acquisition_2024_08,1333.98,19
2024-08-14,buyer_file,meta_buyer_file_2024_08,897.6,16
2024-08-14,acquisition,meta_acquisition_2024_08,863.6,5
2024-08-15,buyer_file,meta_buyer_file_2024_08,1035.08,16
2024-08-15,acquisition,meta_acquisition_2024_08,1286.47,35
2024-08-16,buyer_file,meta_buyer_file_2024_08,734.95,35
2024-08-16,acquisition,meta_acquisition_2024_08,1033.7,34
2024-08-17,buyer_file,meta_buyer_file_2024_08,883.73,26
2024-08-17,acquisition,meta_acquisition_2024_08,1300.8,32
2024-08-18,buyer_file,meta_buyer_file_2024_08,714.22,33
2024-08-18,acquisition,meta_acquisition_2024_08,1378.68,21
2024-08-19,buyer_file,meta_buyer_file_2024_08,959.08,15
2024-08-19,acquisition,meta_acquisition_2024_08,1089.52,29
2024-08-20,buyer_file,meta_buyer_file_2024_08,878.29,21
2024-08-20,acquisition,meta_acquisition_2024_08,1321.64,15
2024-08-21,buyer_file,meta_buyer_file_2024_08,586.96,10
2024-08-21,acquisition,meta_acquisition_2024_08,1131.21,12
2024-08-22,buyer_file,meta_buyer_file_2024_08,727.63,18
2024-08-22,acquisition,meta_acquisition_2024_08,1157.38,7
2024-08-23,buyer_file,meta_buyer_file_2024_08,1011.76,28
2024-08-23,acquisition,meta_acquisition_2024_08,906.9,17
2024-08-24,buyer_file,meta_buyer_file_2024_08,674.41,19
2024-08-24,acquisition,meta_acquisition_2024_08,1465.25,32
2024-08-25,buyer_file,meta_buyer_file_2024_08,942.19,30
2024-08-25,acquisition,meta_acquisition_2024_08,1373.92,33
2024-08-26,buyer_file,meta_buyer_file_2024_08,742.07,12
2024-08-26,acquisition,meta_acquisition_2024_08,1375.35,29
2024-08-27,buyer_file,meta_buyer_file_2024_08,928.22,5
2024-08-27,acquisition,meta_acquisition_2024_08,1442.99,25
2024-08-28,buyer_file,meta_buyer_file_2024_08,724.88,10
2024-08-28,acquisition,meta_acquisition_2024_08,1422.0,34
2024-08-29,buyer_file,meta_buyer_file_2024_08,704.57,7
2024-08-29,acquisition,meta_acquisition_2024_08,1415.96,38
2024-08-30,buyer_file,meta_buyer_file_2024_08,703.17,30
2024-08-30,acquisition,meta_acquisition_2024_08,1211.67,10
2024-08-31,buyer_file,meta_buyer_file_2024_08,692.02,7
2024-08-31,acquisition,meta_acquisition_2024_08,1211.17,18
2024-09-01,buyer_file,meta_buyer_file_2024_09,1018.88,26
2024-09-01,acquisition,meta_acquisition_2024_09,1202.39,15
2024-09-02,buyer_file,meta_buyer_file_2024_09,695.96,7
2024-09-02,acquisition,meta_acquisition_2024_09,1325.17,33
2024-09-03,buyer_file,meta_buyer_file_2024_09,682.64,26
2024-09-03,acquisition,meta_acquisition_2024_09,859.3,40
2024-09-04,buyer_file,meta_buyer_file_2024_09,769.63,16
2024-09-04,acquisition,meta_acquisition_2024_09,1026.07,20
2024-09-05,buyer_file,meta_buyer_file_2024_09,712.32,33
2024-09-05,acquisition,meta_acquisition_2024_09,1370.38,11
2024-09-06,buyer_file,meta_buyer_file_2024_09,606.64,12
2024-09-06,acquisition,meta_acquisition_2024_09,905.18,8
2024-09-07,buyer_file,meta_buyer_file_2024_09,997.3,38
2024-09-07,acquisition,meta_acquisition_2024_09,1107.8,9
2024-09-08,buyer_file,meta_buyer_file_2024_09,1021.84,21
2024-09-08,acquisition,meta_acquisition_2024_09,1135.46,32
2024-09-09,buyer_file,meta_buyer_file_2024_09,990.59,40
2024-09-09,acquisition,meta_acquisition_2024_09,1321.18,25
2024-09-10,buyer_file,meta_buyer_file_2024_09,846.3,15
2024-09-10,acquisition,meta_acquisition_2024_09,894.99,27
2024-09-11,buyer_file,meta_buyer_file_2024_09,956.84,31
2024-09-11,acquisition,meta_acquisition_2024_09,924.8,18
2024-09-12,buyer_file,meta_buyer_file_2024_09,585.11,34
2024-09-12,acquisition,meta_acquisition_2024_09,1360.71,17
2024-09-13,buyer_file,meta_buyer_file_2024_09,872.4,39
2024-09-13,acquisition,meta_acquisition_2024_09,845.99,7
2024-09-14,buyer_file,meta_buyer_file_2024_09,984.68,14
2024-09-14,acquisition,meta_acquisition_2024_09,1312.78,31
2024-09-15,buyer_file,meta_buyer_file_2024_09,687.05,27
2024-09-15,acquisition,meta_acquisition_2024_09,1283.66,36
2024-09-16,buyer_file,meta_buyer_file_2024_09,878.09,13
2024-09-16,acquisition,meta_acquisition_2024_09,846.23,26
2024-09-17,buyer_file,meta_buyer_file_2024_09,702.32,15
2024-09-17,acquisition,meta_acquisition_2024_09,1432.3,38
2024-09-18,buyer_file,meta_buyer_file_2024_09,977.47,35
2024-09-18,acquisition,meta_acquisition_2024_09,1503.4,40
2024-09-19,buyer_file,meta_buyer_file_2024_09,974.94,14
2024-09-19,acquisition,meta_acquisition_2024_09,1537.24,23
2024-09-20,buyer_file,meta_buyer_file_2024_09,785.83,21
2024-09-20,acquisition,meta_acquisition_2024_09,1278.37,39
2024-09-21,buyer_file,meta_buyer_file_2024_09,694.42,24
2024-09-21,acquisition,meta_acquisition_2024_09,1118.35,23
2024-09-22,buyer_file,meta_buyer_file_2024_09,643.76,20
2024-09-22,acquisition,meta_acquisition_2024_09,1513.54,11
2024-09-23,buyer_file,meta_buyer_file_2024_09,791.25,40
2024-09-23,acquisition,meta_acquisition_2024_09,1501.57,35
2024-09-24,buyer_file,meta_buyer_file_2024_09,1033.6,16
2024-09-24,acquisition,meta_acquisition_2024_09,898.03,32
2024-09-25,buyer_file,meta_buyer_file_2024_09,597.69,16
2024-09-25,acquisition,meta_acquisition_2024_09,1199.31,39
2024-09-26,buyer_file,meta_buyer_file_2024_09,582.76,22
2024-09-26,acquisition,meta_acquisition_2024_09,1087.78,14
2024-09-27,buyer_file,meta_buyer_file_2024_09,858.32,16
2024-09-27,acquisition,meta_acquisition_2024_09,1145.15,32
2024-09-28,buyer_file,meta_buyer_file_2024_09,857.44,37
2024-09-28,acquisition,meta_acquisition_2024_09,1213.3,34
2024-09-29,buyer_file,meta_buyer_file_2024_09,843.05,39
2024-09-29,acquisition,meta_acquisition_2024_09,1217.81,35
2024-09-30,buyer_file,meta_buyer_file_2024_09,718.71,22
2024-09-30,acquisition,meta_acquisition_2024_09,1077.16,21
2024-10-01,buyer_file,meta_buyer_file_2024_10,984.07,23
2024-10-01,acquisition,meta_acquisition_2024_10,1535.86,20
2024-10-02,buyer_file,meta_buyer_file_2024_10,693.26,12
2024-10-02,acquisition,meta_acquisition_2024_10,1501.01,13
2024-10-03,buyer_file,meta_buyer_file_2024_10,906.58,18
2024-10-03,acquisition,meta_acquisition_2024_10,1139.48,5
2024-10-04,buyer_file,meta_buyer_file_2024_10,891.8,32
2024-10-04,acquisition,meta_acquisition_2024_10,971.04,34
2024-10-05,buyer_file,meta_buyer_file_2024_10,719.78,9
2024-10-05,acquisition,meta_acquisition_2024_10,1551.27,18
2024-10-06,buyer_file,meta_buyer_file_2024_10,680.56,20
2024-10-06,acquisition,meta_acquisition_2024_10,1211.47,6
2024-10-07,buyer_file,meta_buyer_file_2024_10,613.22,22
2024-10-07,acquisition,meta_acquisition_2024_10,1445.87,38
2024-10-08,buyer_file,meta_buyer_file_2024_10,697.44,23
2024-10-08,acquisition,meta_acquisition_2024_10,1184.53,20
2024-10-09,buyer_file,meta_buyer_file_2024_10,762.53,27
2024-10-09,acquisition,meta_acquisition_2024_10,1133.13,9
2024-10-10,buyer_file,meta_buyer_file_2024_10,1030.97,31
2024-10-10,acquisition,meta_acquisition_2024_10,1239.16,30
2024-10-11,buyer_file,meta_buyer_file_2024_10,625.33,13
2024-10-11,acquisition,meta_acquisition_2024_10,1344.89,20
2024-10-12,buyer_file,meta_buyer_file_2024_10,976.55,8
2024-10-12,acquisition,meta_acquisition_2024_10,1535.58,34
2024-10-13,buyer_file,meta_buyer_file_2024_10,573.55,31
2024-10-13,acquisition,meta_acquisition_2024_10,1081.41,21
2024-10-14,buyer_file,meta_buyer_file_2024_10,808.86,25
2024-10-14,acquisition,meta_acquisition_2024_10,1536.82,11
2024-10-15,buyer_file,meta_buyer_file_2024_10,741.81,13
2024-10-15,acquisition,meta_acquisition_2024_10,1348.72,33
2024-10-16,buyer_file,meta_buyer_file_2024_10,865.12,24
2024-10-16,acquisition,meta_acquisition_2024_10,1013.72,8
2024-10-17,buyer_file,meta_buyer_file_2024_10,662.33,33
2024-10-17,acquisition,meta_acquisition_2024_10,1531.36,16
2024-10-18,buyer_file,meta_buyer_file_2024_10,948.04,36
2024-10-18,acquisition,meta_acquisition_2024_10,888.53,31
2024-10-19,buyer_file,meta_buyer_file_2024_10,865.16,15
2024-10-19,acquisition,meta_acquisition_2024_10,1044.67,34
2024-10-20,buyer_file,meta_buyer_file_2024_10,978.66,27
2024-10-20,acquisition,meta_acquisition_2024_10,1141.23,9
2024-10-21,buyer_file,meta_buyer_file_2024_10,943.9,11
2024-10-21,acquisition,meta_acquisition_2024_10,933.64,9
2024-10-22,buyer_file,meta_buyer_file_2024_10,660.66,5
2024-10-22,acquisition,meta_acquisition_2024_10,1193.91,16
2024-10-23,buyer_file,meta_buyer_file_2024_10,827.65,36
2024-10-23,acquisition,meta_acquisition_2024_10,1228.5,8
2024-10-24,buyer_file,meta_buyer_file_2024_10,994.96,31
2024-10-24,acquisition,meta_acquisition_2024_10,895.85,24
2024-10-25,buyer_file,meta_buyer_file_2024_10,726.42,37
2024-10-25,acquisition,meta_acquisition_2024_10,1078.56,30
2024-10-26,buyer_file,meta_buyer_file_2024_10,740.82,27
2024-10-26,acquisition,meta_acquisition_2024_10,1151.77,23
2024-10-27,buyer_file,meta_buyer_file_2024_10,598.35,6
2024-10-27,acquisition,meta_acquisition_2024_10,958.98,40
2024-10-28,buyer_file,meta_buyer_file_2024_10,886.72,16
2024-10-28,acquisition,meta_acquisition_2024_10,1083.78,9
2024-10-29,buyer_file,meta_buyer_file_2024_10,1010.31,38
2024-10-29,acquisition,meta_acquisition_2024_10,1347.52,29
2024-10-30,buyer_file,meta_buyer_file_2024_10,767.74,7
2024-10-30,acquisition,meta_acquisition_2024_10,1496.16,25
2024-10-31,buyer_file,meta_buyer_file_2024_10,960.41,22
2024-10-31,acquisition,meta_acquisition_2024_10,1120.88,38
2024-11-01,buyer_file,meta_buyer_file_2024_11,925.37,16
2024-11-01,acquisition,meta_acquisition_2024_11,1226.54,15
2024-11-02,buyer_file,meta_buyer_file_2024_11,1036.9,39
2024-11-02,acquisition,meta_acquisition_2024_11,1552.91,33
2024-11-03,buyer_file,meta_buyer_file_2024_11,984.05,26
2024-11-03,acquisition,meta_acquisition_2024_11,950.96,20
2024-11-04,buyer_file,meta_buyer_file_2024_11,598.04,19
2024-11-04,acquisition,meta_acquisition_2024_11,1444.61,15
2024-11-05,buyer_file,meta_buyer_file_2024_11,950.96,39
2024-11-05,acquisition,meta_acquisition_2024_11,1239.95,34
2024-11-06,buyer_file,meta_buyer_file_2024_11,603.76,15
2024-11-06,acquisition,meta_acquisition_2024_11,990.92,15
2024-11-07,buyer_file,meta_buyer_file_2024_11,1000.62,18
2024-11-07,acquisition,meta_acquisition_2024_11,1464.57,29
2024-11-08,buyer_file,meta_buyer_file_2024_11,811.02,23
2024-11-08,acquisition,meta_acquisition_2024_11,931.28,33
2024-11-09,buyer_file,meta_buyer_file_2024_11,1006.14,35
2024-11-09,acquisition,meta_acquisition_2024_11,1232.5,13
2024-11-10,buyer_file,meta_buyer_file_2024_11,765.19,39
2024-11-10,acquisition,meta_acquisition_2024_11,1345.74,26
2024-11-11,buyer_file,meta_buyer_file_2024_11,649.35,14
2024-11-11,acquisition,meta_acquisition_2024_11,1221.01,29
2024-11-12,buyer_file,meta_buyer_file_2024_11,1031.15,20
2024-11-12,acquisition,meta_acquisition_2024_11,947.67,37
2024-11-13,buyer_file,meta_buyer_file_2024_11,1037.09,35
2024-11-13,acquisition,meta_acquisition_2024_11,1163.16,19
2024-11-14,buyer_file,meta_buyer_file_2024_11,958.96,33
2024-11-14,acquisition,meta_acquisition_2024_11,1538.36,5
2024-11-15,buyer_file,meta_buyer_file_2024_11,755.22,39
2024-11-15,acquisition,meta_acquisition_2024_11,1003.84,19
2024-11-16,buyer_file,meta_buyer_file_2024_11,687.66,27
2024-11-16,acquisition,meta_acquisition_2024_11,1425.55,28
2024-11-17,buyer_file,meta_buyer_file_2024_11,790.56,26
2024-11-17,acquisition,meta_acquisition_2024_11,1481.31,16
2024-11-18,buyer_file,meta_buyer_file_2024_11,652.58,13
2024-11-18,acquisition,meta_acquisition_2024_11,1458.32,33
2024-11-19,buyer_file,meta_buyer_file_2024_11,799.86,7
2024-11-19,acquisition,meta_acquisition_2024_11,880.27,26
2024-11-20,buyer_file,meta_buyer_file_2024_11,662.22,38
2024-11-20,acquisition,meta_acquisition_2024_11,1096.65,35
2024-11-21,buyer_file,meta_buyer_file_2024_11,664.8,13
2024-11-21,acquisition,meta_acquisition_2024_11,1398.68,19
2024-11-22,buyer_file,meta_buyer_file_2024_11,917.82,13
2024-11-22,acquisition,meta_acquisition_2024_11,962.55,27
2024-11-23,buyer_file,meta_buyer_file_2024_11,951.59,33
2024-11-23,acquisition,meta_acquisition_2024_11,1504.4,6
2024-11-24,buyer_file,meta_buyer_file_2024_11,709.84,15
2024-11-24,acquisition,meta_acquisition_2024_11,1407.83,7
2024-11-25,buyer_file,meta_buyer_file_2024_11,926.39,14
2024-11-25,acquisition,meta_acquisition_2024_11,1078.37,26
2024-11-26,buyer_file,meta_buyer_file_2024_11,699.37,31
2024-11-26,acquisition,meta_acquisition_2024_11,1215.27,19
2024-11-27,buyer_file,meta_buyer_file_2024_11,1030.93,33
2024-11-27,acquisition,meta_acquisition_2024_11,1482.51,34
2024-11-28,buyer_file,meta_buyer_file_2024_11,871.63,23
2024-11-28,acquisition,meta_acquisition_2024_11,915.07,31
2024-11-29,buyer_file,meta_buyer_file_2024_11,788.8,40
2024-11-29,acquisition,meta_acquisition_2024_11,1226.95,9
2024-11-30,buyer_file,meta_buyer_file_2024_11,732.65,31
2024-11-30,acquisition,meta_acquisition_2024_11,1299.09,23
2024-12-01,buyer_file,meta_buyer_file_2024_12,751.87,34
2024-12-01,acquisition,meta_acquisition_2024_12,1007.65,30
2024-12-02,buyer_file,meta_buyer_file_2024_12,963.88,26
2024-12-02,acquisition,meta_acquisition_2024_12,1113.68,5
2024-12-03,buyer_file,meta_buyer_file_2024_12,702.57,22
2024-12-03,acquisition,meta_acquisition_2024_12,1210.73,21
2024-12-04,buyer_file,meta_buyer_file_2024_12,918.14,32
2024-12-04,acquisition,meta_acquisition_2024_12,1199.61,19
2024-12-05,buyer_file,meta_buyer_file_2024_12,659.47,16
2024-12-05,acquisition,meta_acquisition_2024_12,1288.99,9
2024-12-06,buyer_file,meta_buyer_file_2024_12,1023.12,15
2024-12-06,acquisition,meta_acquisition_2024_12,1044.06,26
2024-12-07,buyer_file,meta_buyer_file_2024_12,729.08,34
2024-12-07,acquisition,meta_acquisition_2024_12,1500.97,33
2024-12-08,buyer_file,meta_buyer_file_2024_12,573.92,32
2024-12-08,acquisition,meta_acquisition_2024_12,1481.64,20
2024-12-09,buyer_file,meta_buyer_file_2024_12,885.15,21
2024-12-09,acquisition,meta_acquisition_2024_12,1516.81,22
2024-12-10,buyer_file,meta_buyer_file_2024_12,1020.27,31
2024-12-10,acquisition,meta_acquisition_2024_12,1037.7,36
2024-12-11,buyer_file,meta_buyer_file_2024_12,758.04,40
2024-12-11,acquisition,meta_acquisition_2024_12,1268.14,18
2024-12-12,buyer_file,meta_buyer_file_2024_12,588.4,13
2024-12-12,acquisition,meta_acquisition_2024_12,1519.72,8
2024-12-13,buyer_file,meta_buyer_file_2024_12,668.19,20
2024-12-13,acquisition,meta_acquisition_2024_12,1254.66,6
2024-12-14,buyer_file,meta_buyer_file_2024_12,893.03,20
2024-12-14,acquisition,meta_acquisition_2024_12,1359.37,37
2024-12-15,buyer_file,meta_buyer_file_2024_12,799.42,29
2024-12-15,acquisition,meta_acquisition_2024_12,943.52,19
2024-12-16,buyer_file,meta_buyer_file_2024_12,678.92,32
2024-12-16,acquisition,meta_acquisition_2024_12,1235.8,8
2024-12-17,buyer_file,meta_buyer_file_2024_12,713.82,40
2024-12-17,acquisition,meta_acquisition_2024_12,1398.04,9
2024-12-18,buyer_file,meta_buyer_file_2024_12,578.33,6
2024-12-18,acquisition,meta_acquisition_2024_12,1521.58,28
2024-12-19,buyer_file,meta_buyer_file_2024_12,952.93,18
2024-12-19,acquisition,meta_acquisition_2024_12,1169.06,17
2024-12-20,buyer_file,meta_buyer_file_2024_12,716.52,34
2024-12-20,acquisition,meta_acquisition_2024_12,855.25,33
2024-12-21,buyer_file,meta_buyer_file_2024_12,795.68,37
2024-12-21,acquisition,meta_acquisition_2024_12,1392.2,9
2024-12-22,buyer_file,meta_buyer_file_2024_12,1039.03,29
2024-12-22,acquisition,meta_acquisition_2024_12,1103.39,32
2024-12-23,buyer_file,meta_buyer_file_2024_12,876.82,28
2024-12-23,acquisition,meta_acquisition_2024_12,1173.13,23
2024-12-24,buyer_file,meta_buyer_file_2024_12,729.66,36
2024-12-24,acquisition,meta_acquisition_2024_12,1085.25,26
2024-12-25,buyer_file,meta_buyer_file_2024_12,853.57,28
2024-12-25,acquisition,meta_acquisition_2024_12,1542.91,6
2024-12-26,buyer_file,meta_buyer_file_2024_12,987.7,25
2024-12-26,acquisition,meta_acquisition_2024_12,1485.52,20
2024-12-27,buyer_file,meta_buyer_file_2024_12,890.4,29
2024-12-27,acquisition,meta_acquisition_2024_12,936.48,10
2024-12-28,buyer_file,meta_buyer_file_2024_12,772.69,24
2024-12-28,acquisition,meta_acquisition_2024_12,1210.04,23
2024-12-29,buyer_file,meta_buyer_file_2024_12,990.83,40
2024-12-29,acquisition,meta_acquisition_2024_12,1001.46,27
2024-12-30,buyer_file,meta_buyer_file_2024_12,1012.19,25
2024-12-30,acquisition,meta_acquisition_2024_12,934.31,28
2024-12-31,buyer_file,meta_buyer_file_2024_12,628.84,8
2024-12-31,acquisition,meta_acquisition_2024_12,1518.53,38
